-- --------------------------------------------------------
-- Hôte:                         127.0.0.1
-- Version du serveur:           8.0.30 - MySQL Community Server - GPL
-- SE du serveur:                Win64
-- HeidiSQL Version:             12.1.0.6537
-- --------------------------------------------------------

/*!40101 SET @OLD_CHARACTER_SET_CLIENT=@@CHARACTER_SET_CLIENT */;
/*!40101 SET NAMES utf8 */;
/*!50503 SET NAMES utf8mb4 */;
/*!40103 SET @OLD_TIME_ZONE=@@TIME_ZONE */;
/*!40103 SET TIME_ZONE='+00:00' */;
/*!40014 SET @OLD_FOREIGN_KEY_CHECKS=@@FOREIGN_KEY_CHECKS, FOREIGN_KEY_CHECKS=0 */;
/*!40101 SET @OLD_SQL_MODE=@@SQL_MODE, SQL_MODE='NO_AUTO_VALUE_ON_ZERO' */;
/*!40111 SET @OLD_SQL_NOTES=@@SQL_NOTES, SQL_NOTES=0 */;


-- Listage de la structure de la base pour bkb
CREATE DATABASE IF NOT EXISTS `bkb` /*!40100 DEFAULT CHARACTER SET cp1256 */ /*!80016 DEFAULT ENCRYPTION='N' */;
USE `bkb`;

-- Listage de la structure de vue bkb. bkb_date
-- Création d'une table temporaire pour palier aux erreurs de dépendances de VIEW
CREATE TABLE `bkb_date` (
	`date_debut` DATE NOT NULL,
	`local_name` VARCHAR(255) NOT NULL COLLATE 'utf8mb4_unicode_ci',
	`capacite_Ens` INT(10) NOT NULL,
	`bloc_name` VARCHAR(255) NOT NULL COLLATE 'utf8mb4_unicode_ci',
	`jour` VARCHAR(50) NULL COLLATE 'utf8mb4_unicode_ci'
) ENGINE=MyISAM;

-- Listage de la structure de table bkb. blocs
CREATE TABLE IF NOT EXISTS `blocs` (
  `id` bigint unsigned NOT NULL AUTO_INCREMENT,
  `nom` varchar(255) COLLATE utf8mb4_unicode_ci NOT NULL,
  `created_at` timestamp NULL DEFAULT NULL,
  `updated_at` timestamp NULL DEFAULT NULL,
  PRIMARY KEY (`id`)
) ENGINE=InnoDB AUTO_INCREMENT=7 DEFAULT CHARSET=utf8mb4 COLLATE=utf8mb4_unicode_ci;

-- Listage des données de la table bkb.blocs : ~6 rows (environ)
DELETE FROM `blocs`;
INSERT INTO `blocs` (`id`, `nom`, `created_at`, `updated_at`) VALUES
	(1, 'Amphis ABC', '2023-12-05 09:30:44', '2023-12-05 09:30:44'),
	(2, 'Amphis DEF', '2023-12-05 09:30:44', '2023-12-05 09:30:44'),
	(3, 'Bloc D', '2023-12-05 09:30:44', '2023-12-05 09:30:44'),
	(4, 'Bloc C', '2023-12-05 09:30:44', '2023-12-05 09:30:44'),
	(5, 'Bloc A', '2023-12-05 09:30:44', '2023-12-05 09:30:44'),
	(6, 'Dept. G', '2023-12-05 09:30:44', '2023-12-05 09:30:44');

-- Listage de la structure de table bkb. cordinateur
CREATE TABLE IF NOT EXISTS `cordinateur` (
  `id` int NOT NULL,
  `module_id` bigint unsigned DEFAULT NULL,
  `cordinateur_id` bigint unsigned DEFAULT NULL,
  PRIMARY KEY (`id`),
  KEY `cordinateur_id` (`cordinateur_id`),
  KEY `module_id` (`module_id`),
  CONSTRAINT `cordinateur_ibfk_1` FOREIGN KEY (`cordinateur_id`) REFERENCES `fonctionnaires` (`id`),
  CONSTRAINT `cordinateur_ibfk_2` FOREIGN KEY (`module_id`) REFERENCES `modules` (`id`)
) ENGINE=InnoDB DEFAULT CHARSET=cp1256;

-- Listage des données de la table bkb.cordinateur : ~125 rows (environ)
DELETE FROM `cordinateur`;
INSERT INTO `cordinateur` (`id`, `module_id`, `cordinateur_id`) VALUES
	(1, 1, 29),
	(2, 2, 38),
	(3, 3, 87),
	(4, 4, 64),
	(5, 5, 31),
	(6, 6, 19),
	(7, 7, 277),
	(8, 8, 115),
	(9, 9, 17),
	(10, 10, 4),
	(11, 11, 27),
	(12, 12, 2),
	(13, 13, 21),
	(14, 14, 20),
	(15, 15, 11),
	(16, 16, 3),
	(17, 17, 33),
	(18, 18, 14),
	(19, 19, 6),
	(20, 20, 51),
	(21, 21, 55),
	(22, 22, 49),
	(23, 23, 52),
	(24, 24, 119),
	(25, 25, 21),
	(26, 26, 48),
	(27, 27, 23),
	(28, 28, 34),
	(29, 29, 32),
	(30, 30, 30),
	(31, 31, 7),
	(32, 32, 63),
	(33, 32, 60),
	(34, 33, 64),
	(35, 33, 72),
	(36, 34, 137),
	(37, 34, 122),
	(38, 35, 134),
	(39, 35, 161),
	(40, 36, 35),
	(41, 36, 28),
	(42, 37, 56),
	(43, 37, 29),
	(44, 38, 282),
	(45, 38, 281),
	(46, 39, 70),
	(47, 39, 78),
	(48, 40, 64),
	(49, 40, 72),
	(50, 41, 114),
	(51, 41, 94),
	(52, 42, 145),
	(53, 42, 158),
	(54, 43, 26),
	(55, 43, 44),
	(56, 44, 39),
	(57, 44, 52),
	(58, 45, 69),
	(59, 46, 67),
	(60, 47, 79),
	(61, 48, 83),
	(62, 49, 106),
	(63, 50, 110),
	(64, 51, 173),
	(65, 52, 130),
	(66, 53, 99),
	(67, 54, 148),
	(68, 55, 124),
	(69, 56, 53),
	(70, 57, 168),
	(71, 58, 149),
	(72, 59, 176),
	(73, 60, 136),
	(74, 61, 124),
	(75, 62, 169),
	(76, 63, 210),
	(77, 63, 241),
	(78, 64, 226),
	(79, 64, 205),
	(80, 65, 252),
	(81, 65, 254),
	(82, 66, 45),
	(83, 66, 36),
	(84, 67, 73),
	(85, 67, 95),
	(86, 68, 160),
	(87, 68, 135),
	(88, 69, 279),
	(89, 69, 277),
	(90, 70, 207),
	(91, 70, 224),
	(92, 71, 230),
	(93, 71, 209),
	(94, 72, 183),
	(95, 72, 186),
	(96, 73, 210),
	(97, 73, 185),
	(98, 74, 221),
	(99, 74, 193),
	(100, 75, 54),
	(101, 75, 27),
	(102, 76, 197),
	(103, 76, 202),
	(104, 77, 228),
	(105, 77, 197),
	(106, 78, 226),
	(107, 78, 238),
	(108, 79, 236),
	(109, 79, 196),
	(110, 80, 225),
	(111, 80, 194),
	(112, 81, 189),
	(113, 81, 240),
	(114, 82, 276),
	(115, 83, 263),
	(116, 84, 276),
	(117, 85, 266),
	(118, 86, 267),
	(119, 87, 54),
	(120, 88, 269),
	(121, 89, 275),
	(122, 90, 249),
	(123, 91, 253),
	(124, 92, 255),
	(125, 93, 274);

-- Listage de la structure de table bkb. etudiants
CREATE TABLE IF NOT EXISTS `etudiants` (
  `id` bigint unsigned NOT NULL AUTO_INCREMENT,
  `nom` varchar(255) COLLATE utf8mb4_unicode_ci NOT NULL,
  `prenom` varchar(255) COLLATE utf8mb4_unicode_ci NOT NULL,
  `CNE_Massar` varchar(255) COLLATE utf8mb4_unicode_ci NOT NULL,
  `module_id` bigint unsigned NOT NULL,
  `created_at` timestamp NULL DEFAULT NULL,
  `updated_at` timestamp NULL DEFAULT NULL,
  PRIMARY KEY (`id`),
  KEY `etudiants_module_id_foreign` (`module_id`),
  CONSTRAINT `etudiants_module_id_foreign` FOREIGN KEY (`module_id`) REFERENCES `modules` (`id`)
) ENGINE=InnoDB DEFAULT CHARSET=utf8mb4 COLLATE=utf8mb4_unicode_ci;

-- Listage des données de la table bkb.etudiants : ~0 rows (environ)
DELETE FROM `etudiants`;

-- Listage de la structure de table bkb. examens
CREATE TABLE IF NOT EXISTS `examens` (
  `id` bigint unsigned NOT NULL AUTO_INCREMENT,
  `session` varchar(255) COLLATE utf8mb4_unicode_ci NOT NULL,
  `type` varchar(255) COLLATE utf8mb4_unicode_ci NOT NULL,
  `date_debut` date DEFAULT NULL,
  `date_fin` date DEFAULT NULL,
  `created_at` timestamp NULL DEFAULT NULL,
  `updated_at` timestamp NULL DEFAULT NULL,
  PRIMARY KEY (`id`)
) ENGINE=InnoDB AUTO_INCREMENT=2 DEFAULT CHARSET=utf8mb4 COLLATE=utf8mb4_unicode_ci;

-- Listage des données de la table bkb.examens : ~1 rows (environ)
DELETE FROM `examens`;
INSERT INTO `examens` (`id`, `session`, `type`, `date_debut`, `date_fin`, `created_at`, `updated_at`) VALUES
	(1, 'utomne ', 'rattrapage', NULL, NULL, NULL, NULL);

-- Listage de la structure de vue bkb. exam_schedule_view
-- Création d'une table temporaire pour palier aux erreurs de dépendances de VIEW
CREATE TABLE `exam_schedule_view` (
	`date_debut` DATE NOT NULL,
	`heure_debut` TIME NOT NULL,
	`heure_fin` TIME NOT NULL,
	`local_name` VARCHAR(255) NOT NULL COLLATE 'utf8mb4_unicode_ci',
	`capacite_Ens` INT(10) NOT NULL,
	`bloc_name` VARCHAR(255) NOT NULL COLLATE 'utf8mb4_unicode_ci'
) ENGINE=MyISAM;

-- Listage de la structure de table bkb. failed_jobs
CREATE TABLE IF NOT EXISTS `failed_jobs` (
  `id` bigint unsigned NOT NULL AUTO_INCREMENT,
  `uuid` varchar(255) COLLATE utf8mb4_unicode_ci NOT NULL,
  `connection` text COLLATE utf8mb4_unicode_ci NOT NULL,
  `queue` text COLLATE utf8mb4_unicode_ci NOT NULL,
  `payload` longtext COLLATE utf8mb4_unicode_ci NOT NULL,
  `exception` longtext COLLATE utf8mb4_unicode_ci NOT NULL,
  `failed_at` timestamp NOT NULL DEFAULT CURRENT_TIMESTAMP,
  PRIMARY KEY (`id`),
  UNIQUE KEY `failed_jobs_uuid_unique` (`uuid`)
) ENGINE=InnoDB DEFAULT CHARSET=utf8mb4 COLLATE=utf8mb4_unicode_ci;

-- Listage des données de la table bkb.failed_jobs : ~0 rows (environ)
DELETE FROM `failed_jobs`;

-- Listage de la structure de table bkb. filieres
CREATE TABLE IF NOT EXISTS `filieres` (
  `id` bigint unsigned NOT NULL AUTO_INCREMENT,
  `nom` varchar(255) COLLATE utf8mb4_unicode_ci NOT NULL,
  `service_id` bigint unsigned NOT NULL,
  `created_at` timestamp NULL DEFAULT NULL,
  `updated_at` timestamp NULL DEFAULT NULL,
  PRIMARY KEY (`id`),
  KEY `filieres_service_id_foreign` (`service_id`),
  CONSTRAINT `filieres_service_id_foreign` FOREIGN KEY (`service_id`) REFERENCES `services` (`id`)
) ENGINE=InnoDB AUTO_INCREMENT=16 DEFAULT CHARSET=utf8mb4 COLLATE=utf8mb4_unicode_ci;

-- Listage des données de la table bkb.filieres : ~15 rows (environ)
DELETE FROM `filieres`;
INSERT INTO `filieres` (`id`, `nom`, `service_id`, `created_at`, `updated_at`) VALUES
	(1, 'SMIA S1', 2, '2023-12-05 09:30:44', '2023-12-05 09:30:44'),
	(2, 'SMI S3', 1, '2023-12-05 09:30:44', '2023-12-05 09:30:44'),
	(3, 'SMI S5', 1, '2023-12-05 09:30:44', '2023-12-05 09:30:44'),
	(4, 'SMA S3', 2, '2023-12-05 09:30:44', '2023-12-05 09:30:44'),
	(5, 'SMA S5', 2, '2023-12-05 09:30:44', '2023-12-05 09:30:44'),
	(6, 'SM S1', 3, '2023-12-05 09:30:44', '2023-12-05 09:30:44'),
	(7, 'SMP S3', 3, '2023-12-05 09:30:44', '2023-12-05 09:30:44'),
	(8, 'SMP S5', 3, '2023-12-05 09:30:44', '2023-12-05 09:30:44'),
	(9, 'SMC S3', 4, '2023-12-05 09:30:44', '2023-12-05 09:30:44'),
	(10, 'SMC S5', 4, '2023-12-05 09:30:44', '2023-12-05 09:30:44'),
	(11, 'SVT S1', 5, '2023-12-05 09:30:44', '2023-12-05 09:30:44'),
	(12, 'SVI S3', 5, '2023-12-05 09:30:44', '2023-12-05 09:30:44'),
	(13, 'SVI S5', 5, '2023-12-05 09:30:44', '2023-12-05 09:30:44'),
	(14, 'STU S3', 6, '2023-12-05 09:30:44', '2023-12-05 09:30:44'),
	(15, 'STU S5', 6, '2023-12-05 09:30:44', '2023-12-05 09:30:44');

-- Listage de la structure de table bkb. filoc
CREATE TABLE IF NOT EXISTS `filoc` (
  `id` bigint unsigned NOT NULL AUTO_INCREMENT,
  `local_id` bigint unsigned NOT NULL,
  `filier_id` bigint unsigned NOT NULL,
  `annee` int NOT NULL,
  `created_at` timestamp NULL DEFAULT NULL,
  `updated_at` timestamp NULL DEFAULT NULL,
  PRIMARY KEY (`id`),
  UNIQUE KEY `filoc_local_id_filier_id_annee_unique` (`local_id`,`filier_id`,`annee`),
  KEY `filoc_filier_id_foreign` (`filier_id`),
  CONSTRAINT `filoc_filier_id_foreign` FOREIGN KEY (`filier_id`) REFERENCES `filieres` (`id`),
  CONSTRAINT `filoc_local_id_foreign` FOREIGN KEY (`local_id`) REFERENCES `locals` (`id`)
) ENGINE=InnoDB AUTO_INCREMENT=132 DEFAULT CHARSET=utf8mb4 COLLATE=utf8mb4_unicode_ci;

-- Listage des données de la table bkb.filoc : ~131 rows (environ)
DELETE FROM `filoc`;
INSERT INTO `filoc` (`id`, `local_id`, `filier_id`, `annee`, `created_at`, `updated_at`) VALUES
	(1, 28, 1, 2022, '2023-12-05 09:30:44', '2023-12-05 09:30:44'),
	(2, 29, 1, 2022, '2023-12-05 09:30:44', '2023-12-05 09:30:44'),
	(3, 30, 1, 2022, '2023-12-05 09:30:44', '2023-12-05 09:30:44'),
	(4, 31, 1, 2022, '2023-12-05 09:30:44', '2023-12-05 09:30:44'),
	(5, 32, 1, 2022, '2023-12-05 09:30:44', '2023-12-05 09:30:44'),
	(6, 4, 2, 2022, '2023-12-05 09:30:44', '2023-12-05 09:30:44'),
	(7, 5, 2, 2022, '2023-12-05 09:30:44', '2023-12-05 09:30:44'),
	(8, 6, 2, 2022, '2023-12-05 09:30:44', '2023-12-05 09:30:44'),
	(9, 4, 3, 2022, '2023-12-05 09:30:44', '2023-12-05 09:30:44'),
	(10, 5, 3, 2022, '2023-12-05 09:30:44', '2023-12-05 09:30:44'),
	(11, 1, 3, 2022, '2023-12-05 09:30:44', '2023-12-05 09:30:44'),
	(12, 18, 4, 2022, '2023-12-05 09:30:44', '2023-12-05 09:30:44'),
	(13, 6, 5, 2022, '2023-12-05 09:30:44', '2023-12-05 09:30:44'),
	(14, 4, 6, 2022, '2023-12-05 09:30:44', '2023-12-05 09:30:44'),
	(15, 5, 6, 2022, '2023-12-05 09:30:44', '2023-12-05 09:30:44'),
	(16, 7, 6, 2022, '2023-12-05 09:30:44', '2023-12-05 09:30:44'),
	(17, 8, 6, 2022, '2023-12-05 09:30:44', '2023-12-05 09:30:44'),
	(18, 9, 6, 2022, '2023-12-05 09:30:44', '2023-12-05 09:30:44'),
	(19, 10, 6, 2022, '2023-12-05 09:30:44', '2023-12-05 09:30:44'),
	(20, 11, 6, 2022, '2023-12-05 09:30:44', '2023-12-05 09:30:44'),
	(21, 12, 6, 2022, '2023-12-05 09:30:44', '2023-12-05 09:30:44'),
	(22, 13, 6, 2022, '2023-12-05 09:30:44', '2023-12-05 09:30:44'),
	(23, 14, 6, 2022, '2023-12-05 09:30:44', '2023-12-05 09:30:44'),
	(24, 15, 6, 2022, '2023-12-05 09:30:44', '2023-12-05 09:30:44'),
	(25, 16, 6, 2022, '2023-12-05 09:30:44', '2023-12-05 09:30:44'),
	(26, 17, 6, 2022, '2023-12-05 09:30:44', '2023-12-05 09:30:44'),
	(27, 18, 6, 2022, '2023-12-05 09:30:44', '2023-12-05 09:30:44'),
	(28, 19, 6, 2022, '2023-12-05 09:30:44', '2023-12-05 09:30:44'),
	(29, 20, 6, 2022, '2023-12-05 09:30:44', '2023-12-05 09:30:44'),
	(30, 21, 6, 2022, '2023-12-05 09:30:44', '2023-12-05 09:30:44'),
	(31, 22, 6, 2022, '2023-12-05 09:30:44', '2023-12-05 09:30:44'),
	(32, 23, 6, 2022, '2023-12-05 09:30:44', '2023-12-05 09:30:44'),
	(33, 24, 6, 2022, '2023-12-05 09:30:44', '2023-12-05 09:30:44'),
	(34, 25, 6, 2022, '2023-12-05 09:30:44', '2023-12-05 09:30:44'),
	(35, 26, 6, 2022, '2023-12-05 09:30:44', '2023-12-05 09:30:44'),
	(36, 27, 6, 2022, '2023-12-05 09:30:44', '2023-12-05 09:30:44'),
	(37, 28, 6, 2022, '2023-12-05 09:30:44', '2023-12-05 09:30:44'),
	(38, 29, 6, 2022, '2023-12-05 09:30:44', '2023-12-05 09:30:44'),
	(39, 30, 6, 2022, '2023-12-05 09:30:44', '2023-12-05 09:30:44'),
	(40, 31, 6, 2022, '2023-12-05 09:30:44', '2023-12-05 09:30:44'),
	(41, 32, 6, 2022, '2023-12-05 09:30:44', '2023-12-05 09:30:44'),
	(42, 33, 6, 2022, '2023-12-05 09:30:44', '2023-12-05 09:30:44'),
	(43, 7, 7, 2022, '2023-12-05 09:30:44', '2023-12-05 09:30:44'),
	(44, 8, 7, 2022, '2023-12-05 09:30:44', '2023-12-05 09:30:44'),
	(45, 9, 7, 2022, '2023-12-05 09:30:44', '2023-12-05 09:30:44'),
	(46, 10, 7, 2022, '2023-12-05 09:30:44', '2023-12-05 09:30:44'),
	(47, 11, 7, 2022, '2023-12-05 09:30:44', '2023-12-05 09:30:44'),
	(48, 12, 7, 2022, '2023-12-05 09:30:44', '2023-12-05 09:30:44'),
	(49, 13, 7, 2022, '2023-12-05 09:30:44', '2023-12-05 09:30:44'),
	(50, 14, 7, 2022, '2023-12-05 09:30:44', '2023-12-05 09:30:44'),
	(51, 15, 7, 2022, '2023-12-05 09:30:44', '2023-12-05 09:30:44'),
	(52, 16, 7, 2022, '2023-12-05 09:30:44', '2023-12-05 09:30:44'),
	(53, 17, 7, 2022, '2023-12-05 09:30:44', '2023-12-05 09:30:44'),
	(54, 18, 7, 2022, '2023-12-05 09:30:44', '2023-12-05 09:30:44'),
	(55, 19, 7, 2022, '2023-12-05 09:30:44', '2023-12-05 09:30:44'),
	(56, 20, 7, 2022, '2023-12-05 09:30:44', '2023-12-05 09:30:44'),
	(57, 21, 7, 2022, '2023-12-05 09:30:44', '2023-12-05 09:30:44'),
	(58, 7, 8, 2022, '2023-12-05 09:30:44', '2023-12-05 09:30:44'),
	(59, 8, 8, 2022, '2023-12-05 09:30:44', '2023-12-05 09:30:44'),
	(60, 9, 8, 2022, '2023-12-05 09:30:44', '2023-12-05 09:30:44'),
	(61, 10, 8, 2022, '2023-12-05 09:30:44', '2023-12-05 09:30:44'),
	(62, 11, 8, 2022, '2023-12-05 09:30:44', '2023-12-05 09:30:44'),
	(63, 12, 8, 2022, '2023-12-05 09:30:44', '2023-12-05 09:30:44'),
	(64, 13, 8, 2022, '2023-12-05 09:30:44', '2023-12-05 09:30:44'),
	(65, 14, 8, 2022, '2023-12-05 09:30:44', '2023-12-05 09:30:44'),
	(66, 15, 8, 2022, '2023-12-05 09:30:44', '2023-12-05 09:30:44'),
	(67, 16, 8, 2022, '2023-12-05 09:30:44', '2023-12-05 09:30:44'),
	(68, 17, 8, 2022, '2023-12-05 09:30:44', '2023-12-05 09:30:44'),
	(69, 46, 9, 2022, '2023-12-05 09:30:44', '2023-12-05 09:30:44'),
	(70, 47, 9, 2022, '2023-12-05 09:30:44', '2023-12-05 09:30:44'),
	(71, 48, 9, 2022, '2023-12-05 09:30:44', '2023-12-05 09:30:44'),
	(72, 49, 9, 2022, '2023-12-05 09:30:44', '2023-12-05 09:30:44'),
	(73, 27, 10, 2022, '2023-12-05 09:30:44', '2023-12-05 09:30:44'),
	(74, 28, 10, 2022, '2023-12-05 09:30:44', '2023-12-05 09:30:44'),
	(75, 29, 10, 2022, '2023-12-05 09:30:44', '2023-12-05 09:30:44'),
	(76, 7, 11, 2022, '2023-12-05 09:30:44', '2023-12-05 09:30:44'),
	(77, 8, 11, 2022, '2023-12-05 09:30:44', '2023-12-05 09:30:44'),
	(78, 9, 11, 2022, '2023-12-05 09:30:44', '2023-12-05 09:30:44'),
	(79, 10, 11, 2022, '2023-12-05 09:30:44', '2023-12-05 09:30:44'),
	(80, 11, 11, 2022, '2023-12-05 09:30:44', '2023-12-05 09:30:44'),
	(81, 12, 11, 2022, '2023-12-05 09:30:44', '2023-12-05 09:30:44'),
	(82, 13, 11, 2022, '2023-12-05 09:30:44', '2023-12-05 09:30:44'),
	(83, 14, 11, 2022, '2023-12-05 09:30:44', '2023-12-05 09:30:44'),
	(84, 15, 11, 2022, '2023-12-05 09:30:44', '2023-12-05 09:30:44'),
	(85, 16, 11, 2022, '2023-12-05 09:30:44', '2023-12-05 09:30:44'),
	(86, 17, 11, 2022, '2023-12-05 09:30:44', '2023-12-05 09:30:44'),
	(87, 18, 11, 2022, '2023-12-05 09:30:44', '2023-12-05 09:30:44'),
	(88, 19, 11, 2022, '2023-12-05 09:30:44', '2023-12-05 09:30:44'),
	(89, 20, 11, 2022, '2023-12-05 09:30:44', '2023-12-05 09:30:44'),
	(90, 21, 11, 2022, '2023-12-05 09:30:44', '2023-12-05 09:30:44'),
	(91, 22, 11, 2022, '2023-12-05 09:30:44', '2023-12-05 09:30:44'),
	(92, 23, 11, 2022, '2023-12-05 09:30:44', '2023-12-05 09:30:44'),
	(93, 24, 11, 2022, '2023-12-05 09:30:44', '2023-12-05 09:30:44'),
	(94, 25, 11, 2022, '2023-12-05 09:30:44', '2023-12-05 09:30:44'),
	(95, 26, 11, 2022, '2023-12-05 09:30:44', '2023-12-05 09:30:44'),
	(96, 27, 11, 2022, '2023-12-05 09:30:44', '2023-12-05 09:30:44'),
	(97, 22, 12, 2022, '2023-12-05 09:30:44', '2023-12-05 09:30:44'),
	(98, 23, 12, 2022, '2023-12-05 09:30:44', '2023-12-05 09:30:44'),
	(99, 24, 12, 2022, '2023-12-05 09:30:44', '2023-12-05 09:30:44'),
	(100, 25, 12, 2022, '2023-12-05 09:30:44', '2023-12-05 09:30:44'),
	(101, 26, 12, 2022, '2023-12-05 09:30:44', '2023-12-05 09:30:44'),
	(102, 34, 12, 2022, '2023-12-05 09:30:44', '2023-12-05 09:30:44'),
	(103, 35, 12, 2022, '2023-12-05 09:30:44', '2023-12-05 09:30:44'),
	(104, 36, 12, 2022, '2023-12-05 09:30:44', '2023-12-05 09:30:44'),
	(105, 37, 12, 2022, '2023-12-05 09:30:44', '2023-12-05 09:30:44'),
	(106, 38, 12, 2022, '2023-12-05 09:30:44', '2023-12-05 09:30:44'),
	(107, 39, 12, 2022, '2023-12-05 09:30:44', '2023-12-05 09:30:44'),
	(108, 40, 12, 2022, '2023-12-05 09:30:44', '2023-12-05 09:30:44'),
	(109, 41, 12, 2022, '2023-12-05 09:30:44', '2023-12-05 09:30:44'),
	(110, 42, 12, 2022, '2023-12-05 09:30:44', '2023-12-05 09:30:44'),
	(111, 43, 12, 2022, '2023-12-05 09:30:44', '2023-12-05 09:30:44'),
	(112, 44, 12, 2022, '2023-12-05 09:30:44', '2023-12-05 09:30:44'),
	(113, 45, 12, 2022, '2023-12-05 09:30:44', '2023-12-05 09:30:44'),
	(114, 46, 12, 2022, '2023-12-05 09:30:44', '2023-12-05 09:30:44'),
	(115, 47, 12, 2022, '2023-12-05 09:30:44', '2023-12-05 09:30:44'),
	(116, 48, 12, 2022, '2023-12-05 09:30:44', '2023-12-05 09:30:44'),
	(117, 49, 12, 2022, '2023-12-05 09:30:44', '2023-12-05 09:30:44'),
	(118, 34, 13, 2022, '2023-12-05 09:30:44', '2023-12-05 09:30:44'),
	(119, 35, 13, 2022, '2023-12-05 09:30:44', '2023-12-05 09:30:44'),
	(120, 36, 13, 2022, '2023-12-05 09:30:44', '2023-12-05 09:30:44'),
	(121, 37, 13, 2022, '2023-12-05 09:30:44', '2023-12-05 09:30:44'),
	(122, 38, 13, 2022, '2023-12-05 09:30:44', '2023-12-05 09:30:44'),
	(123, 39, 13, 2022, '2023-12-05 09:30:44', '2023-12-05 09:30:44'),
	(124, 40, 13, 2022, '2023-12-05 09:30:44', '2023-12-05 09:30:44'),
	(125, 41, 13, 2022, '2023-12-05 09:30:44', '2023-12-05 09:30:44'),
	(126, 42, 13, 2022, '2023-12-05 09:30:44', '2023-12-05 09:30:44'),
	(127, 43, 13, 2022, '2023-12-05 09:30:44', '2023-12-05 09:30:44'),
	(128, 44, 13, 2022, '2023-12-05 09:30:44', '2023-12-05 09:30:44'),
	(129, 45, 13, 2022, '2023-12-05 09:30:44', '2023-12-05 09:30:44'),
	(130, 30, 14, 2022, '2023-12-05 09:30:44', '2023-12-05 09:30:44'),
	(131, 53, 15, 2022, '2023-12-05 09:30:44', '2023-12-05 09:30:44');

-- Listage de la structure de table bkb. fonctionnaires
CREATE TABLE IF NOT EXISTS `fonctionnaires` (
  `id` bigint unsigned NOT NULL AUTO_INCREMENT,
  `nom` varchar(255) COLLATE utf8mb4_unicode_ci NOT NULL,
  `prenom` varchar(255) COLLATE utf8mb4_unicode_ci NOT NULL,
  `cin` varchar(255) COLLATE utf8mb4_unicode_ci NOT NULL,
  `sexe` varchar(255) COLLATE utf8mb4_unicode_ci NOT NULL,
  `type` varchar(255) COLLATE utf8mb4_unicode_ci NOT NULL,
  `etat` varchar(255) COLLATE utf8mb4_unicode_ci NOT NULL,
  `id_service` bigint unsigned NOT NULL,
  `created_at` timestamp NULL DEFAULT NULL,
  `updated_at` timestamp NULL DEFAULT NULL,
  PRIMARY KEY (`id`),
  KEY `fonctionnaires_id_service_foreign` (`id_service`),
  CONSTRAINT `fonctionnaires_id_service_foreign` FOREIGN KEY (`id_service`) REFERENCES `services` (`id`)
) ENGINE=InnoDB AUTO_INCREMENT=283 DEFAULT CHARSET=utf8mb4 COLLATE=utf8mb4_unicode_ci;

-- Listage des données de la table bkb.fonctionnaires : ~282 rows (environ)
DELETE FROM `fonctionnaires`;
INSERT INTO `fonctionnaires` (`id`, `nom`, `prenom`, `cin`, `sexe`, `type`, `etat`, `id_service`, `created_at`, `updated_at`) VALUES
	(1, 'AISSAOUI', 'Karima', 'F11111', 'Femme', 'ENS', '', 1, '2023-12-05 09:30:44', '2023-12-05 09:30:44'),
	(2, 'AIT MOUSSA', 'Abdelaziz', 'F11112', 'Homme', 'ENS', 'non', 1, '2023-12-05 09:30:44', '2023-12-05 09:30:44'),
	(3, 'ARRASSEN', 'Ibtissam', 'F11113', 'Femme', 'ENS', '', 1, '2023-12-05 09:30:44', '2023-12-05 09:30:44'),
	(4, 'DAOUDI', 'EL MOSTAFA', 'F11114', 'Homme', 'ENS', '', 1, '2023-12-05 09:30:44', '2023-12-05 09:30:44'),
	(5, 'DOUZI', 'Youssef', 'F11115', 'Homme', 'ENS', '', 1, '2023-12-05 09:30:44', '2023-12-05 09:30:44'),
	(6, 'GABLI', 'Mohammed', 'F11116', 'Homme', 'ENS', '', 1, '2023-12-05 09:30:44', '2023-12-05 09:30:44'),
	(7, 'JAARA', 'El Miloud', 'F11117', 'Homme', 'ENS', '', 1, '2023-12-05 09:30:44', '2023-12-05 09:30:44'),
	(8, 'JARRAR', 'Abdessamad', 'F11118', 'Homme', 'ENS', '', 1, '2023-12-05 09:30:44', '2023-12-05 09:30:44'),
	(9, 'KASMI', 'Mohammed Amine', 'F11119', 'Homme', 'ENS', '', 1, '2023-12-05 09:30:44', '2023-12-05 09:30:44'),
	(10, 'KERFALI', 'Aicha', 'F11120', 'Femme', 'ENS', '', 1, '2023-12-05 09:30:44', '2023-12-05 09:30:44'),
	(11, 'KERKOUR', 'EL MIAD Aissa', 'F11121', 'Homme', 'ENS', '', 1, '2023-12-05 09:30:44', '2023-12-05 09:30:44'),
	(12, 'LAAROUSSI', 'Khadija', 'F11122', 'Femme', 'ENS', '', 1, '2023-12-05 09:30:44', '2023-12-05 09:30:44'),
	(13, 'LAKHOUAJA', 'Abdelhak', 'F11123', 'Homme', 'ENS', 'non', 1, '2023-12-05 09:30:44', '2023-12-05 09:30:44'),
	(14, 'MAZOUZ', 'Sanae', 'F11124', 'Femme', 'ENS', 'RC', 1, '2023-12-05 09:30:44', '2023-12-05 09:30:44'),
	(15, 'MAZROUI', 'Azz-Eddine', 'F11125', 'Homme', 'ENS', '', 1, '2023-12-05 09:30:44', '2023-12-05 09:30:44'),
	(16, 'MOUSSI', 'MOHAMMED', 'F11126', 'Homme', 'ENS', 'non', 1, '2023-12-05 09:30:44', '2023-12-05 09:30:44'),
	(17, 'MRAOUI', 'Hamid', 'F11127', 'Homme', 'ENS', '', 1, '2023-12-05 09:30:44', '2023-12-05 09:30:44'),
	(18, 'OUERDI', 'Noura', 'F11128', 'Femme', 'ENS', '', 1, '2023-12-05 09:30:44', '2023-12-05 09:30:44'),
	(19, 'SERRHINI', 'Mohammed', 'F11129', 'Homme', 'ENS', '', 1, '2023-12-05 09:30:44', '2023-12-05 09:30:44'),
	(20, 'SLIMANI', 'Ilham', 'F11130', 'Femme', 'ENS', '', 1, '2023-12-05 09:30:44', '2023-12-05 09:30:44'),
	(21, 'TAHIRI', 'Ahmed', 'F11131', 'Homme', 'ENS', '', 1, '2023-12-05 09:30:44', '2023-12-05 09:30:44'),
	(22, 'YAHYA', 'Amina', 'F11132', 'Femme', 'ENS', '', 1, '2023-12-05 09:30:44', '2023-12-05 09:30:44'),
	(23, 'AIT OUAHRA', 'Mohamed', 'F11133', 'Homme', 'ENS', '', 2, '2023-12-05 09:30:44', '2023-12-05 09:30:44'),
	(24, 'AMARA', 'Zouheir', 'F11134', 'Homme', 'ENS', '', 2, '2023-12-05 09:30:44', '2023-12-05 09:30:44'),
	(25, 'AZIZI', 'ABDELMALEK', 'F11135', 'Homme', 'ENS', 'non', 2, '2023-12-05 09:30:44', '2023-12-05 09:30:44'),
	(26, 'BENBRIK', 'Abdelhaq', 'F11136', 'Homme', 'ENS', 'RC', 2, '2023-12-05 09:30:44', '2023-12-05 09:30:44'),
	(27, 'BENMOUMEN', 'Mohammed', 'F11137', 'Homme', 'ENS', '', 2, '2023-12-05 09:30:44', '2023-12-05 09:30:44'),
	(28, 'BERRAJAA', 'Mohammed', 'F11138', 'Homme', 'ENS', '', 2, '2023-12-05 09:30:44', '2023-12-05 09:30:44'),
	(29, 'BOUCHLAGHEM', 'Mohammed', 'F11139', 'Homme', 'ENS', '', 2, '2023-12-05 09:30:44', '2023-12-05 09:30:44'),
	(30, 'BOUDJAJ', 'Loubna', 'F11140', 'Femme', 'ENS', '', 2, '2023-12-05 09:30:44', '2023-12-05 09:30:44'),
	(31, 'BOUTAHIR', 'Khalid', 'F11141', 'Homme', 'ENS', '', 2, '2023-12-05 09:30:44', '2023-12-05 09:30:44'),
	(32, 'CHAKRONE', 'Omar', 'F11142', 'Homme', 'ENS', '', 2, '2023-12-05 09:30:44', '2023-12-05 09:30:44'),
	(33, 'EL AMROUSS', 'Abdel Rachid', 'F11143', 'Homme', 'ENS', '', 2, '2023-12-05 09:30:44', '2023-12-05 09:30:44'),
	(34, 'EL HODAIBI', 'M\'hamed', 'F11144', 'Homme', 'ENS', '', 2, '2023-12-05 09:30:44', '2023-12-05 09:30:44'),
	(35, 'FILALI', 'Mohammed', 'F11145', 'Homme', 'ENS', '', 2, '2023-12-05 09:30:44', '2023-12-05 09:30:44'),
	(36, 'JERRARI', 'Idriss', 'F11146', 'Homme', 'ENS', '', 2, '2023-12-05 09:30:44', '2023-12-05 09:30:44'),
	(37, 'IDRISSI', 'El  Hassan', 'F11147', 'Homme', 'ENS', '', 2, '2023-12-05 09:30:44', '2023-12-05 09:30:44'),
	(38, 'ISMAILI', 'Moulay Chrif', 'F11148', 'Homme', 'ENS', '', 2, '2023-12-05 09:30:44', '2023-12-05 09:30:44'),
	(39, 'LAMLILI', 'El Mazoui Nadori', 'F11149', 'Homme', 'ENS', '', 2, '2023-12-05 09:30:44', '2023-12-05 09:30:44'),
	(40, 'LAMNII', 'Mohamed', 'F11150', 'Homme', 'ENS', '', 2, '2023-12-05 09:30:44', '2023-12-05 09:30:44'),
	(41, 'LIDOUH', 'Abdeluaab', 'F11151', 'Homme', 'ENS', '', 2, '2023-12-05 09:30:44', '2023-12-05 09:30:44'),
	(42, 'MARZOUKI', 'Brahim', 'F11152', 'Homme', 'ENS', '', 2, '2023-12-05 09:30:44', '2023-12-05 09:30:44'),
	(43, 'MARZOUKI', 'Rabi', 'F11153', 'Homme', 'ENS', '', 2, '2023-12-05 09:30:44', '2023-12-05 09:30:44'),
	(44, 'MERMRI', 'EL BEKKAYE', 'F11154', 'Homme', 'ENS', '', 2, '2023-12-05 09:30:44', '2023-12-05 09:30:44'),
	(45, 'MEZIANE', 'Abdelouafi', 'F11155', 'Homme', 'ENS', 'non', 2, '2023-12-05 09:30:44', '2023-12-05 09:30:44'),
	(46, 'MOUTAOUKKIL', 'Loubna', 'F11156', 'Femme', 'ENS', '', 2, '2023-12-05 09:30:44', '2023-12-05 09:30:44'),
	(47, 'OUAHAB', 'Abdelmalek', 'F11157', 'Homme', 'ENS', '', 2, '2023-12-05 09:30:44', '2023-12-05 09:30:44'),
	(48, 'OUDGHIRI', 'Mourad', 'F11158', 'Homme', 'ENS', '', 2, '2023-12-05 09:30:44', '2023-12-05 09:30:44'),
	(49, 'OURAOUI', 'Anass', 'F11159', 'Homme', 'ENS', '', 2, '2023-12-05 09:30:44', '2023-12-05 09:30:44'),
	(50, 'RHOMARI', 'Noureddine', 'F11160', 'Homme', 'ENS', '', 2, '2023-12-05 09:30:44', '2023-12-05 09:30:44'),
	(51, 'SBIBIH', 'Driss', 'F11161', 'Homme', 'ENS', '', 2, '2023-12-05 09:30:44', '2023-12-05 09:30:44'),
	(52, 'SGHIR', 'Aissa', 'F11162', 'Homme', 'ENS', '', 2, '2023-12-05 09:30:44', '2023-12-05 09:30:44'),
	(53, 'SOUILAH', 'Khalid', 'F11163', 'Homme', 'ENS', '', 2, '2023-12-05 09:30:44', '2023-12-05 09:30:44'),
	(54, 'TAHRI', 'Khalid', 'F11164', 'Homme', 'ENS', '', 2, '2023-12-05 09:30:44', '2023-12-05 09:30:44'),
	(55, 'TSOULI', 'Najib', 'F11165', 'Homme', 'ENS', 'non', 2, '2023-12-05 09:30:44', '2023-12-05 09:30:44'),
	(56, 'ZAOUI', 'Mohammed', 'F11166', 'Homme', 'ENS', '', 2, '2023-12-05 09:30:44', '2023-12-05 09:30:44'),
	(57, 'ZEKHNINI', 'Abdelkader', 'F11167', 'Homme', 'ENS', 'non', 2, '2023-12-05 09:30:44', '2023-12-05 09:30:44'),
	(58, 'ZIANE', 'M`HAMMED', 'F11168', 'Homme', 'ENS', 'non', 2, '2023-12-05 09:30:44', '2023-12-05 09:30:44'),
	(59, 'AIDI', 'Boufelja', 'F11169', 'Homme', 'ENS', 'non', 3, '2023-12-05 09:30:44', '2023-12-05 09:30:44'),
	(60, 'ALAMI', 'MERROUNI Ahmed', 'F11170', 'Homme', 'ENS', '', 3, '2023-12-05 09:30:44', '2023-12-05 09:30:44'),
	(61, 'AMAOUI', 'Hamid', 'F11171', 'Homme', 'ENS', 'non', 3, '2023-12-05 09:30:44', '2023-12-05 09:30:44'),
	(62, 'AMRANI', 'Madiha', 'F11172', 'Femme', 'ENS', '', 3, '2023-12-05 09:30:44', '2023-12-05 09:30:44'),
	(63, 'BAHIA', 'Driss', 'F11173', 'Homme', 'ENS', '', 3, '2023-12-05 09:30:44', '2023-12-05 09:30:44'),
	(64, 'BENKADDOUR', 'Abdelkhalek', 'F11174', 'Homme', 'ENS', 'non', 3, '2023-12-05 09:30:44', '2023-12-05 09:30:44'),
	(65, 'BOUKADIR', 'Said', 'F11175', 'Homme', 'ENS', 'non', 3, '2023-12-05 09:30:44', '2023-12-05 09:30:44'),
	(66, 'BRIA', 'Driss', 'F11176', 'Homme', 'ENS', '', 3, '2023-12-05 09:30:44', '2023-12-05 09:30:44'),
	(67, 'CHAABELASRI', 'Elmiloud', 'F11177', 'Homme', 'ENS', '', 3, '2023-12-05 09:30:44', '2023-12-05 09:30:44'),
	(68, 'CHADLI', 'El Hassan', 'F11178', 'Homme', 'ENS', 'non', 3, '2023-12-05 09:30:44', '2023-12-05 09:30:44'),
	(69, 'CHADLI', 'Sara', 'F11179', 'Femme', 'ENS', '', 3, '2023-12-05 09:30:44', '2023-12-05 09:30:44'),
	(70, 'CHAFI', 'Noureddine', 'F11180', 'Homme', 'ENS', '', 3, '2023-12-05 09:30:44', '2023-12-05 09:30:44'),
	(71, 'CHAIB', 'Cheikh', 'F11181', 'Homme', 'ENS', 'non', 3, '2023-12-05 09:30:44', '2023-12-05 09:30:44'),
	(72, 'CHAIEB', 'El Bekkaye', 'F11182', 'Homme', 'ENS', '', 3, '2023-12-05 09:30:44', '2023-12-05 09:30:44'),
	(73, 'CHAKIB', 'Abdeljabbar', 'F11183', 'Homme', 'ENS', '', 3, '2023-12-05 09:30:44', '2023-12-05 09:30:44'),
	(74, 'CHATEI', 'Hassan', 'F11184', 'Homme', 'ENS', 'non', 3, '2023-12-05 09:30:44', '2023-12-05 09:30:44'),
	(75, 'CHIBOUB', 'Abdellatif', 'F11185', 'Homme', 'ENS', 'non', 3, '2023-12-05 09:30:44', '2023-12-05 09:30:44'),
	(76, 'CHIKRI', 'Mounim', 'F11186', 'Homme', 'ENS', '', 3, '2023-12-05 09:30:44', '2023-12-05 09:30:44'),
	(77, 'DAHMANI', 'Mohammed', 'F11187', 'Homme', 'ENS', '', 3, '2023-12-05 09:30:44', '2023-12-05 09:30:44'),
	(78, 'DAOUDI', 'Salah', 'F11188', 'Homme', 'ENS', '', 3, '2023-12-05 09:30:44', '2023-12-05 09:30:44'),
	(79, 'DEKHISSI', 'HASSANE', 'F11189', 'Homme', 'ENS', '', 3, '2023-12-05 09:30:44', '2023-12-05 09:30:44'),
	(80, 'DERKAOUI', 'ABDECHAFIK', 'F11190', 'Homme', 'ENS', '', 3, '2023-12-05 09:30:44', '2023-12-05 09:30:44'),
	(81, 'EL AMRANI', 'MOSTAFA', 'F11191', 'Homme', 'ENS', '', 3, '2023-12-05 09:30:44', '2023-12-05 09:30:44'),
	(82, 'EL', 'BOJADDAINI', 'F11192', 'Homme', 'ENS', '', 3, '2023-12-05 09:30:44', '2023-12-05 09:30:44'),
	(83, 'EL', 'BOUDOUTI', 'F11193', 'Homme', 'ENS', '', 3, '2023-12-05 09:30:44', '2023-12-05 09:30:44'),
	(84, 'EL', 'FARH', 'F11194', 'Homme', 'ENS', '', 3, '2023-12-05 09:30:44', '2023-12-05 09:30:44'),
	(85, 'EL', 'HITMY', 'F11195', 'Homme', 'ENS', 'non', 3, '2023-12-05 09:30:44', '2023-12-05 09:30:44'),
	(86, 'EL', 'KHAYATI', 'F11196', 'Femme', 'ENS', 'RC', 3, '2023-12-05 09:30:44', '2023-12-05 09:30:44'),
	(87, 'ERRAHMANI', 'Ahmed', 'F11197', 'Homme', 'ENS', '', 3, '2023-12-05 09:30:44', '2023-12-05 09:30:44'),
	(88, 'ES-SALHI', 'ABDENACER', 'F11198', 'Homme', 'ENS', '', 3, '2023-12-05 09:30:44', '2023-12-05 09:30:44'),
	(89, 'FALYOUNI', 'Farid', 'F11199', 'Homme', 'ENS', '', 3, '2023-12-05 09:30:44', '2023-12-05 09:30:44'),
	(90, 'FARESS', 'ABDELILAH', 'F11200', 'Homme', 'ENS', 'Amphi', 3, '2023-12-05 09:30:44', '2023-12-05 09:30:44'),
	(91, 'FETHI', 'FOUAD', 'F11201', 'Homme', 'ENS', '', 3, '2023-12-05 09:30:44', '2023-12-05 09:30:44'),
	(92, 'GHADBAN', 'Amina', 'F11202', 'Femme', 'ENS', '', 3, '2023-12-05 09:30:44', '2023-12-05 09:30:44'),
	(93, 'HAMAL', 'MOHAMMED', 'F11203', 'Homme', 'ENS', '', 3, '2023-12-05 09:30:44', '2023-12-05 09:30:44'),
	(94, 'JAMII', 'MOHAMMED', 'F11204', 'Homme', 'ENS', 'non', 3, '2023-12-05 09:30:44', '2023-12-05 09:30:44'),
	(95, 'JOUHRI', 'HASSAN', 'F11205', 'Homme', 'ENS', '', 3, '2023-12-05 09:30:44', '2023-12-05 09:30:44'),
	(96, 'KASSMI', 'KHALIL', 'F11206', 'Homme', 'ENS', '', 3, '2023-12-05 09:30:44', '2023-12-05 09:30:44'),
	(97, 'KHETTABI', 'ALI', 'F11207', 'Homme', 'ENS', '', 3, '2023-12-05 09:30:44', '2023-12-05 09:30:44'),
	(98, 'KHLIFI', 'MOHAMMED', 'F11208', 'Homme', 'ENS', '', 3, '2023-12-05 09:30:44', '2023-12-05 09:30:44'),
	(99, 'MAAROUFI', 'FATIHA', 'F11209', 'Femme', 'ENS', '', 3, '2023-12-05 09:30:44', '2023-12-05 09:30:44'),
	(100, 'MAROUAN', 'YOUSSEF', 'F11210', 'Homme', 'ENS', '', 3, '2023-12-05 09:30:44', '2023-12-05 09:30:44'),
	(101, 'MEZIANI', 'NADIA', 'F11211', 'Femme', 'ENS', '', 3, '2023-12-05 09:30:44', '2023-12-05 09:30:44'),
	(102, 'MEZRHAB', 'AHMED', 'F11212', 'Homme', 'ENS', '', 3, '2023-12-05 09:30:44', '2023-12-05 09:30:44'),
	(103, 'MOUSSA', 'Abdelilah', 'F11213', 'Homme', 'ENS', '', 3, '2023-12-05 09:30:44', '2023-12-05 09:30:44'),
	(104, 'MOUSSAOUI', 'Mohammed', 'F11214', 'Homme', 'ENS', '', 3, '2023-12-05 09:30:44', '2023-12-05 09:30:44'),
	(105, 'NOUAL', 'Adnane', 'F11215', 'Homme', 'ENS', '', 3, '2023-12-05 09:30:44', '2023-12-05 09:30:44'),
	(106, 'OUALI', 'TAOUFIK', 'F11216', 'Homme', 'ENS', 'RC', 3, '2023-12-05 09:30:44', '2023-12-05 09:30:44'),
	(107, 'OUARIACH', 'Abdelaziz', 'F11217', 'Homme', 'ENS', '', 3, '2023-12-05 09:30:44', '2023-12-05 09:30:44'),
	(108, 'OUCHNI', 'FATIHA', 'F11218', 'Femme', 'ENS', '', 3, '2023-12-05 09:30:44', '2023-12-05 09:30:44'),
	(109, 'OUCHRIF', 'MOHAMED', 'F11219', 'Homme', 'ENS', '', 3, '2023-12-05 09:30:44', '2023-12-05 09:30:44'),
	(110, 'RAMDANI', 'AAFIFA', 'F11220', 'Femme', 'ENS', '', 3, '2023-12-05 09:30:44', '2023-12-05 09:30:44'),
	(111, 'RAMDANI', 'SAID', 'F11221', 'Homme', 'ENS', '', 3, '2023-12-05 09:30:44', '2023-12-05 09:30:44'),
	(112, 'RRHIOUA', 'Abdeslem', 'F11222', 'Homme', 'ENS', '', 3, '2023-12-05 09:30:44', '2023-12-05 09:30:44'),
	(113, 'SALHI', 'Merzouki', 'F11223', 'Homme', 'ENS', 'non', 3, '2023-12-05 09:30:44', '2023-12-05 09:30:44'),
	(114, 'SALMI', 'Khalid', 'F11224', 'Homme', 'ENS', '', 3, '2023-12-05 09:30:44', '2023-12-05 09:30:44'),
	(115, 'TAHANI', 'Abdelouahad', 'F11225', 'Homme', 'ENS', 'non', 3, '2023-12-05 09:30:44', '2023-12-05 09:30:44'),
	(116, 'TAHRI', 'El', 'F11226', 'Homme', 'ENS', 'RC', 3, '2023-12-05 09:30:44', '2023-12-05 09:30:44'),
	(117, 'ZERFAOUI', 'Mustapha', 'F11227', 'Homme', 'ENS', '', 3, '2023-12-05 09:30:44', '2023-12-05 09:30:44'),
	(118, 'ZIYYAT', 'Abdelhak', 'F11228', 'Homme', 'ENS', '', 3, '2023-12-05 09:30:44', '2023-12-05 09:30:44'),
	(119, 'ZOHEIR', 'Cif', 'F11229', 'Homme', 'ENS', '', 3, '2023-12-05 09:30:44', '2023-12-05 09:30:44'),
	(120, 'ABED', 'Yamina', 'F11230', 'Femme', 'ENS', 'RC', 4, '2023-12-05 09:30:44', '2023-12-05 09:30:44'),
	(121, 'AKOUDAD', 'Ahmed', 'F11231', 'Homme', 'ENS', 'non', 4, '2023-12-05 09:30:44', '2023-12-05 09:30:44'),
	(122, 'AOUNITI', 'ABDELOUAHAD', 'F11232', 'Homme', 'ENS', '', 4, '2023-12-05 09:30:44', '2023-12-05 09:30:44'),
	(123, 'BAHARI', 'Zohra', 'F11233', 'Homme', 'ENS', 'non', 4, '2023-12-05 09:30:44', '2023-12-05 09:30:44'),
	(124, 'BAZZAOUI', 'EL', 'F11234', 'Homme', 'ENS', '', 4, '2023-12-05 09:30:44', '2023-12-05 09:30:44'),
	(125, 'BEKKOUCH', 'KAMAL', 'F11235', 'Homme', 'ENS', 'non', 4, '2023-12-05 09:30:44', '2023-12-05 09:30:44'),
	(126, 'BEN', 'HADDA', 'F11236', 'Homme', 'ENS', 'RC', 4, '2023-12-05 09:30:44', '2023-12-05 09:30:44'),
	(127, 'BENALLA', 'ABDERRAZAK', 'F11237', 'Homme', 'ENS', 'non', 4, '2023-12-05 09:30:44', '2023-12-05 09:30:44'),
	(128, 'BENCHAT', 'NOUR-EDDINE', 'F11238', 'Homme', 'ENS', '', 4, '2023-12-05 09:30:44', '2023-12-05 09:30:44'),
	(129, 'BERRABAH', 'MOHAMMED', 'F11239', 'Homme', 'ENS', '', 4, '2023-12-05 09:30:44', '2023-12-05 09:30:44'),
	(130, 'BOUAGGAD', 'ABDELMAJID', 'F11240', 'Homme', 'ENS', 'non', 4, '2023-12-05 09:30:44', '2023-12-05 09:30:44'),
	(131, 'BOUALLOU', 'MIMOUN', 'F11241', 'Homme', 'ENS', '', 4, '2023-12-05 09:30:44', '2023-12-05 09:30:44'),
	(132, 'BOUAMMALI', 'BOUFALJA', 'F11242', 'Homme', 'ENS', 'non', 4, '2023-12-05 09:30:44', '2023-12-05 09:30:44'),
	(133, 'BOUHADDIOUI', 'SAID', 'F11243', 'Homme', 'ENS', '', 4, '2023-12-05 09:30:44', '2023-12-05 09:30:44'),
	(134, 'BOULOUIZ', 'Aziz', 'F11244', 'Homme', 'ENS', '', 4, '2023-12-05 09:30:44', '2023-12-05 09:30:44'),
	(135, 'BOUYANZER', 'ABDELHAMID', 'F11245', 'Homme', 'ENS', '', 4, '2023-12-05 09:30:44', '2023-12-05 09:30:44'),
	(136, 'CHALLIOUI', 'ALLAL', 'F11246', 'Homme', 'ENS', '', 4, '2023-12-05 09:30:44', '2023-12-05 09:30:44'),
	(137, 'DAFALI', 'ALI', 'F11247', 'Homme', 'ENS', '', 4, '2023-12-05 09:30:44', '2023-12-05 09:30:44'),
	(138, 'DIB', 'Mustapha', 'F11248', 'Homme', 'ENS', '', 4, '2023-12-05 09:30:44', '2023-12-05 09:30:44'),
	(139, 'EDDIKE', 'DRISS', 'F11249', 'Homme', 'ENS', 'non', 4, '2023-12-05 09:30:44', '2023-12-05 09:30:44'),
	(140, 'EL ANSARI', 'LAHCEN', 'F11250', 'Homme', 'ENS', '', 4, '2023-12-05 09:30:44', '2023-12-05 09:30:44'),
	(141, 'EL BACHIRI', 'ALI', 'F11251', 'Homme', 'ENS', '', 4, '2023-12-05 09:30:44', '2023-12-05 09:30:44'),
	(142, 'EL FARISSI', ' Hammadi', 'F11252', 'Homme', 'ENS', '', 4, '2023-12-05 09:30:44', '2023-12-05 09:30:44'),
	(143, 'EL GADI', 'MOHAMMED', 'F11253', 'Homme', 'ENS', 'non', 4, '2023-12-05 09:30:44', '2023-12-05 09:30:44'),
	(144, 'EL HIMRI', 'Abdelouahed', 'F11254', 'Homme', 'ENS', '', 4, '2023-12-05 09:30:44', '2023-12-05 09:30:44'),
	(145, 'EL IDRISSI', 'ABDERRAHMAN', 'F11255', 'Homme', 'ENS', '', 4, '2023-12-05 09:30:44', '2023-12-05 09:30:44'),
	(146, 'EL KADIRI', 'SGHIR', 'F11256', 'Homme', 'ENS', '', 4, '2023-12-05 09:30:44', '2023-12-05 09:30:44'),
	(147, 'EL MAHI', 'BEN-NASSER', 'F11257', 'Homme', 'ENS', '', 4, '2023-12-05 09:30:44', '2023-12-05 09:30:44'),
	(148, 'EL YACOUBI', 'Ahmed', 'F11258', 'Homme', 'ENS', '', 4, '2023-12-05 09:30:44', '2023-12-05 09:30:44'),
	(149, 'ESSADDEK', 'ABDERRAHIM', 'F11259', 'Homme', 'ENS', '', 4, '2023-12-05 09:30:44', '2023-12-05 09:30:44'),
	(150, 'FRAJ', 'SALEH EDDINE', 'F11260', 'Homme', 'ENS', 'non', 4, '2023-12-05 09:30:44', '2023-12-05 09:30:44'),
	(151, 'GHARIBI', 'EL KHADIR', 'F11261', 'Homme', 'ENS', '', 4, '2023-12-05 09:30:44', '2023-12-05 09:30:44'),
	(152, 'HACHT', 'BRAHIM', 'F11262', 'Homme', 'ENS', '', 4, '2023-12-05 09:30:44', '2023-12-05 09:30:44'),
	(153, 'HAILY', 'El Mehdi', 'F11263', 'Homme', 'ENS', '', 4, '2023-12-05 09:30:44', '2023-12-05 09:30:44'),
	(154, 'HAMMOUTI', 'BELKHEIR', 'F11264', 'Homme', 'ENS', 'RC', 4, '2023-12-05 09:30:44', '2023-12-05 09:30:44'),
	(155, 'JAMIL', 'Mohamed', 'F11265', 'Homme', 'ENS', '', 4, '2023-12-05 09:30:44', '2023-12-05 09:30:44'),
	(156, 'JEBROUNI', 'MOSTAFA', 'F11266', 'Homme', 'ENS', '', 4, '2023-12-05 09:30:44', '2023-12-05 09:30:44'),
	(157, 'JERDIOUI', 'Souhail', 'F11267', 'Homme', 'ENS', '', 4, '2023-12-05 09:30:44', '2023-12-05 09:30:44'),
	(158, 'KARZAZI', 'Yasser', 'F11268', 'Homme', 'ENS', '', 4, '2023-12-05 09:30:44', '2023-12-05 09:30:44'),
	(159, 'KHATIR', 'SAMIRA', 'F11269', 'Femme', 'ENS', '', 4, '2023-12-05 09:30:44', '2023-12-05 09:30:44'),
	(160, 'LAMSAYAH', 'Morad', 'F11270', 'Homme', 'ENS', '', 4, '2023-12-05 09:30:44', '2023-12-05 09:30:44'),
	(161, 'MAAROUF', 'EL BEKKAYE', 'F11271', 'Homme', 'ENS', '', 4, '2023-12-05 09:30:44', '2023-12-05 09:30:44'),
	(162, 'MALEK', 'FOUAD', 'F11272', 'Homme', 'ENS', '', 4, '2023-12-05 09:30:44', '2023-12-05 09:30:44'),
	(163, 'MASBAH', 'HACENE', 'F11273', 'Homme', 'ENS', 'non', 4, '2023-12-05 09:30:44', '2023-12-05 09:30:44'),
	(164, 'MAZOUZ', 'AHMED', 'F11274', 'Homme', 'ENS', 'non', 4, '2023-12-05 09:30:44', '2023-12-05 09:30:44'),
	(165, 'MEJDOUBI', 'EL MILOUD', 'F11275', 'Homme', 'ENS', 'RC', 4, '2023-12-05 09:30:44', '2023-12-05 09:30:44'),
	(166, 'MIMOUNI', 'MOSTAFA', 'F11276', 'Homme', 'ENS', '', 4, '2023-12-05 09:30:44', '2023-12-05 09:30:44'),
	(167, 'MOUHOUB', 'RAHIMA', 'F11277', 'Femme', 'ENS', '', 4, '2023-12-05 09:30:44', '2023-12-05 09:30:44'),
	(168, 'NAJIMI', 'OUAFA', 'F11278', 'Femme', 'ENS', '', 4, '2023-12-05 09:30:44', '2023-12-05 09:30:44'),
	(169, 'OUSSAID', 'BOUALEM', 'F11279', 'Homme', 'ENS', '', 4, '2023-12-05 09:30:44', '2023-12-05 09:30:44'),
	(170, 'RADI', 'Ismail', 'F11280', 'Homme', 'ENS', 'non', 4, '2023-12-05 09:30:44', '2023-12-05 09:30:44'),
	(171, 'RAMDANI', 'MOHAMMED', 'F11281', 'Homme', 'ENS', '', 4, '2023-12-05 09:30:44', '2023-12-05 09:30:44'),
	(172, 'SALHI', 'SAMIRA', 'F11282', 'Femme', 'ENS', '', 4, '2023-12-05 09:30:44', '2023-12-05 09:30:44'),
	(173, 'SAM', 'NAJAT', 'F11283', 'Femme', 'ENS', '', 4, '2023-12-05 09:30:44', '2023-12-05 09:30:44'),
	(174, 'SKIKER', 'MOHAMMED', 'F11284', 'Homme', 'ENS', '', 4, '2023-12-05 09:30:44', '2023-12-05 09:30:44'),
	(175, 'TAHANI', 'ABDESSELAM', 'F11285', 'Homme', 'ENS', '', 4, '2023-12-05 09:30:44', '2023-12-05 09:30:44'),
	(176, 'TALHAOUI', 'ABDELMONAEM', 'F11286', 'Homme', 'ENS', 'non', 4, '2023-12-05 09:30:44', '2023-12-05 09:30:44'),
	(177, 'TAYAA', 'HASSAN', 'F11287', 'Homme', 'ENS', 'non', 4, '2023-12-05 09:30:44', '2023-12-05 09:30:44'),
	(178, 'TOUZANI', 'Rachid', 'F11288', 'Homme', 'ENS', '', 4, '2023-12-05 09:30:44', '2023-12-05 09:30:44'),
	(179, 'YAHYI', 'ABDERRAHMANE', 'F11289', 'Homme', 'ENS', '', 4, '2023-12-05 09:30:44', '2023-12-05 09:30:44'),
	(180, 'ABDELLAOUI', 'Souad', 'F11290', 'Homme', 'ENS', 'non', 5, '2023-12-05 09:30:44', '2023-12-05 09:30:44'),
	(181, 'ABID', 'Malika', 'F11291', 'Femme', 'ENS', '', 5, '2023-12-05 09:30:44', '2023-12-05 09:30:44'),
	(182, 'ADDI', 'Mohammed', 'F11292', 'Homme', 'ENS', '', 5, '2023-12-05 09:30:44', '2023-12-05 09:30:44'),
	(183, 'AIT EL ABD', 'Abdelaziz', 'F11293', 'Homme', 'ENS', 'non', 5, '2023-12-05 09:30:44', '2023-12-05 09:30:44'),
	(184, 'AMRANI', 'Souliman', 'F11294', 'Homme', 'ENS', '', 5, '2023-12-05 09:30:44', '2023-12-05 09:30:44'),
	(185, 'AOUNITI', 'Fatima', 'F11295', 'Femme', 'ENS', '', 5, '2023-12-05 09:30:44', '2023-12-05 09:30:44'),
	(186, 'ASEHRAOU', 'Abdeslam', 'F11296', 'Homme', 'ENS', '', 5, '2023-12-05 09:30:44', '2023-12-05 09:30:44'),
	(187, 'ATMANI', 'Fouad', 'F11297', 'Homme', 'ENS', 'RC', 5, '2023-12-05 09:30:44', '2023-12-05 09:30:44'),
	(188, 'BEKKOUCH', 'Ibtihal', 'F11298', 'Femme', 'ENS', '', 5, '2023-12-05 09:30:44', '2023-12-05 09:30:44'),
	(189, 'BELABED', 'Abdelmajid', 'F11299', 'Homme', 'ENS', 'Amphi', 5, '2023-12-05 09:30:44', '2023-12-05 09:30:44'),
	(190, 'BELLAOUCHI', 'Reda', 'F11300', 'Homme', 'ENS', '', 5, '2023-12-05 09:30:44', '2023-12-05 09:30:44'),
	(191, 'BENABBAS', 'Redouane', 'F11301', 'Homme', 'ENS', '', 5, '2023-12-05 09:30:44', '2023-12-05 09:30:44'),
	(192, 'BERRICHI', 'Abdelbasset', 'F11302', 'Homme', 'ENS', '', 5, '2023-12-05 09:30:44', '2023-12-05 09:30:44'),
	(193, 'BERRAOUANE', 'Ali', 'F11303', 'Homme', 'ENS', '', 5, '2023-12-05 09:30:44', '2023-12-05 09:30:44'),
	(194, 'BNOUHAM', 'Mohamed', 'F11304', 'Homme', 'ENS', 'non', 5, '2023-12-05 09:30:44', '2023-12-05 09:30:44'),
	(195, 'BOUALI', 'Abderrahim', 'F11305', 'Homme', 'ENS', '', 5, '2023-12-05 09:30:44', '2023-12-05 09:30:44'),
	(196, 'BOUANANI', 'Nour El Houda', 'F11306', 'Femme', 'ENS', '', 5, '2023-12-05 09:30:44', '2023-12-05 09:30:44'),
	(197, 'BOUKHATEM', 'Nour Eddine', 'F11307', 'Homme', 'ENS', '', 5, '2023-12-05 09:30:44', '2023-12-05 09:30:44'),
	(198, 'BOUKROUTE', 'Azzouz', 'F11308', 'Homme', 'ENS', '', 5, '2023-12-05 09:30:44', '2023-12-05 09:30:44'),
	(199, 'CHAABANE', 'Khalid', 'F11309', 'Homme', 'ENS', 'non', 5, '2023-12-05 09:30:44', '2023-12-05 09:30:44'),
	(200, 'CHAFI', 'Abdelhafid', 'F11310', 'Homme', 'ENS', 'non', 5, '2023-12-05 09:30:44', '2023-12-05 09:30:44'),
	(201, 'CHAKROUNE', 'Khadija', 'F11311', 'Femme', 'ENS', '', 5, '2023-12-05 09:30:44', '2023-12-05 09:30:44'),
	(202, 'CHARIF', 'Majida', 'F11312', 'Femme', 'ENS', '', 5, '2023-12-05 09:30:44', '2023-12-05 09:30:44'),
	(203, 'EL ACHOURI', 'Mostafa', 'F11313', 'Homme', 'ENS', '', 5, '2023-12-05 09:30:44', '2023-12-05 09:30:44'),
	(204, 'EL BEKKAYE', 'Khalid', 'F11314', 'Homme', 'ENS', '', 5, '2023-12-05 09:30:44', '2023-12-05 09:30:44'),
	(205, 'EL HAFID', 'Latifa', 'F11315', 'Femme', 'ENS', '', 5, '2023-12-05 09:30:44', '2023-12-05 09:30:44'),
	(206, 'EL HOUMAIZI', 'Mohammed Aziz', 'F11316', 'Homme', 'ENS', '', 5, '2023-12-05 09:30:44', '2023-12-05 09:30:44'),
	(207, 'EL YAAGOUBI', 'Mohammed', 'F11317', 'Homme', 'ENS', 'non', 5, '2023-12-05 09:30:44', '2023-12-05 09:30:44'),
	(208, 'ELAMRANI', 'Ahmed', 'F11318', 'Homme', 'ENS', '', 5, '2023-12-05 09:30:44', '2023-12-05 09:30:44'),
	(209, 'GUERROUJ', 'Bouchra', 'F11319', 'Femme', 'ENS', '', 5, '2023-12-05 09:30:44', '2023-12-05 09:30:44'),
	(210, 'GSEYRA', 'Nadia', 'F11320', 'Femme', 'ENS', '', 5, '2023-12-05 09:30:44', '2023-12-05 09:30:44'),
	(211, 'HADDY', 'Latifa', 'F11321', 'Femme', 'ENS', '', 5, '2023-12-05 09:30:44', '2023-12-05 09:30:44'),
	(212, 'HAMAL', 'Abdellah', 'F11322', 'Homme', 'ENS', '', 5, '2023-12-05 09:30:44', '2023-12-05 09:30:44'),
	(213, 'HARIRI', 'El Bachir', 'F11323', 'Homme', 'ENS', 'non', 5, '2023-12-05 09:30:44', '2023-12-05 09:30:44'),
	(214, 'HARNAFI', 'Hicham', 'F11324', 'Homme', 'ENS', '', 5, '2023-12-05 09:30:44', '2023-12-05 09:30:44'),
	(215, 'KARIM', 'Ahmed', 'F11325', 'Homme', 'ENS', '', 5, '2023-12-05 09:30:44', '2023-12-05 09:30:44'),
	(216, 'KHALID', 'Ahmed', 'F11326', 'Homme', 'ENS', '', 5, '2023-12-05 09:30:44', '2023-12-05 09:30:44'),
	(217, 'KHALIL', 'Ahmed', 'F11327', 'Homme', 'ENS', '', 5, '2023-12-05 09:30:44', '2023-12-05 09:30:44'),
	(218, 'KHARMACH', 'Ez-Zahra', 'F11328', 'Homme', 'ENS', 'non', 5, '2023-12-05 09:30:44', '2023-12-05 09:30:44'),
	(219, 'KOUDDANE', 'Noureddine', 'F11329', 'Homme', 'ENS', '', 5, '2023-12-05 09:30:44', '2023-12-05 09:30:44'),
	(220, 'LAMKADEM', 'Mohammed', 'F11330', 'Homme', 'ENS', '', 5, '2023-12-05 09:30:44', '2023-12-05 09:30:44'),
	(221, 'LEGSSYER', 'Abdelkhalek', 'F11331', 'Homme', 'ENS', '', 5, '2023-12-05 09:30:44', '2023-12-05 09:30:44'),
	(222, 'LEGSSYER', 'Bouchra', 'F11332', 'Femme', 'ENS', '', 5, '2023-12-05 09:30:44', '2023-12-05 09:30:44'),
	(223, 'MAAMRI', 'Abdelllatif', 'F11333', 'Homme', 'ENS', '', 5, '2023-12-05 09:30:44', '2023-12-05 09:30:44'),
	(224, 'MARKAOUI', 'Mostafa', 'F11334', 'Homme', 'ENS', '', 5, '2023-12-05 09:30:44', '2023-12-05 09:30:44'),
	(225, 'MEKHFI', 'Hassane', 'F11335', 'Homme', 'ENS', '', 5, '2023-12-05 09:30:44', '2023-12-05 09:30:44'),
	(226, 'MELHAOUI', 'Mohammed', 'F11336', 'Homme', 'ENS', '', 5, '2023-12-05 09:30:44', '2023-12-05 09:30:44'),
	(227, 'MELHAOUI', 'Reda', 'F11337', 'Homme', 'ENS', '', 5, '2023-12-05 09:30:44', '2023-12-05 09:30:44'),
	(228, 'MELKI', 'Rahma', 'F11338', 'Femme', 'ENS', '', 5, '2023-12-05 09:30:44', '2023-12-05 09:30:44'),
	(229, 'MERIMI', 'Makram', 'F11339', 'Homme', 'ENS', '', 5, '2023-12-05 09:30:44', '2023-12-05 09:30:44'),
	(230, 'MEZIANE', 'Mustapha', 'F11340', 'Homme', 'ENS', 'Amphi', 5, '2023-12-05 09:30:44', '2023-12-05 09:30:44'),
	(231, 'MIHAMOU', 'Aatika', 'F11341', 'Femme', 'ENS', '', 5, '2023-12-05 09:30:44', '2023-12-05 09:30:44'),
	(232, 'MOKHTARI', 'Khalida', 'F11342', 'Femme', 'ENS', '', 5, '2023-12-05 09:30:44', '2023-12-05 09:30:44'),
	(233, 'MOKHTARI', 'Wafae', 'F11343', 'Femme', 'ENS', '', 5, '2023-12-05 09:30:44', '2023-12-05 09:30:44'),
	(234, 'MOUEQQIT', 'Mohammed', 'F11344', 'Homme', 'ENS', 'RC', 5, '2023-12-05 09:30:44', '2023-12-05 09:30:44'),
	(235, 'NEFFA', 'Mounsef', 'F11345', 'Homme', 'ENS', '', 5, '2023-12-05 09:30:44', '2023-12-05 09:30:44'),
	(236, 'OUARZANE', 'Meryem', 'F11346', 'Femme', 'ENS', '', 5, '2023-12-05 09:30:44', '2023-12-05 09:30:44'),
	(237, 'SAALAOUI', 'Ennouamane', 'F11347', 'Homme', 'ENS', 'Amphi', 5, '2023-12-05 09:30:44', '2023-12-05 09:30:44'),
	(238, 'SAHIB', 'Nargis', 'F11348', 'Femme', 'ENS', '', 5, '2023-12-05 09:30:44', '2023-12-05 09:30:44'),
	(239, 'SBAA', 'Mohamed', 'F11349', 'Homme', 'ENS', '', 5, '2023-12-05 09:30:44', '2023-12-05 09:30:44'),
	(240, 'SERGHINI CAID', 'Hana', 'F11350', 'Femme', 'ENS', '', 5, '2023-12-05 09:30:44', '2023-12-05 09:30:44'),
	(241, 'SMIRI', 'Youssef', 'F11351', 'Homme', 'ENS', 'non', 5, '2023-12-05 09:30:44', '2023-12-05 09:30:44'),
	(242, 'TAHRI', 'El Houssine', 'F11352', 'Homme', 'ENS', '', 5, '2023-12-05 09:30:44', '2023-12-05 09:30:44'),
	(243, 'ZITOUNI', 'Naoual', 'F11353', 'Femme', 'ENS', '', 5, '2023-12-05 09:30:44', '2023-12-05 09:30:44'),
	(244, 'ZIYYAT', 'Abderrahim', 'F11354', 'Homme', 'ENS', 'Amphi', 5, '2023-12-05 09:30:44', '2023-12-05 09:30:44'),
	(245, 'ZROURI', 'Hassan', 'F11355', 'Homme', 'ENS', '', 5, '2023-12-05 09:30:44', '2023-12-05 09:30:44'),
	(246, 'ADIRI', 'Zakaria', 'F11356', 'Homme', 'ENS', '', 6, '2023-12-05 09:30:44', '2023-12-05 09:30:44'),
	(247, 'AOURAGHE', 'HASSAN', 'F11357', 'Homme', 'ENS', 'RC', 6, '2023-12-05 09:30:44', '2023-12-05 09:30:44'),
	(248, 'AZOUGAY', 'Abdellah', 'F11358', 'Homme', 'ENS', '', 6, '2023-12-05 09:30:44', '2023-12-05 09:30:44'),
	(249, 'AZZOUZ', 'OMAR', 'F11359', 'Homme', 'ENS', '', 6, '2023-12-05 09:30:44', '2023-12-05 09:30:44'),
	(250, 'BENGAMRA', 'Said', 'F11360', 'Homme', 'ENS', '', 6, '2023-12-05 09:30:44', '2023-12-05 09:30:44'),
	(251, 'BOUABDELLAH', 'MOHAMMED', 'F11361', 'Homme', 'ENS', 'non', 6, '2023-12-05 09:30:44', '2023-12-05 09:30:44'),
	(252, 'BOUDCHICHE', 'LAHBIB', 'F11362', 'Homme', 'ENS', 'non', 6, '2023-12-05 09:30:44', '2023-12-05 09:30:44'),
	(253, 'BOUGHRIBA', 'MIMOUN', 'F11363', 'Homme', 'ENS', 'non', 6, '2023-12-05 09:30:44', '2023-12-05 09:30:44'),
	(254, 'CHENNOUF', 'RACHID', 'F11364', 'Homme', 'ENS', '', 6, '2023-12-05 09:30:44', '2023-12-05 09:30:44'),
	(255, 'CHENNOUF', 'TOURIA', 'F11365', 'Femme', 'ENS', '', 6, '2023-12-05 09:30:44', '2023-12-05 09:30:44'),
	(256, 'CHRAIBI', 'ILHAM', 'F11366', 'Femme', 'ENS', '', 6, '2023-12-05 09:30:44', '2023-12-05 09:30:44'),
	(257, 'EL GOUT', 'Radia', 'F11367', 'Femme', 'ENS', '', 6, '2023-12-05 09:30:44', '2023-12-05 09:30:44'),
	(258, 'EL MEZGUELDI', 'ABDELHAK', 'F11368', 'Homme', 'ENS', '', 6, '2023-12-05 09:30:44', '2023-12-05 09:30:44'),
	(259, 'ELMOUDNI', 'ELALAMI SOUAD', 'F11369', 'Femme', 'ENS', '', 6, '2023-12-05 09:30:44', '2023-12-05 09:30:44'),
	(260, 'ET-TOUHAMI', 'MOHAMMED', 'F11370', 'Homme', 'ENS', 'non', 6, '2023-12-05 09:30:44', '2023-12-05 09:30:44'),
	(261, 'HADDOUMI', 'HAMID', 'F11371', 'Homme', 'ENS', 'RC', 6, '2023-12-05 09:30:44', '2023-12-05 09:30:44'),
	(262, 'IRZI', 'ZOULIKHA', 'F11372', 'Femme', 'ENS', '', 6, '2023-12-05 09:30:44', '2023-12-05 09:30:44'),
	(263, 'JADID', 'MOHAMED', 'F11373', 'Homme', 'ENS', '', 6, '2023-12-05 09:30:44', '2023-12-05 09:30:44'),
	(264, 'JETTANE', 'ABDERRAHIM', 'F11374', 'Homme', 'ENS', '', 6, '2023-12-05 09:30:44', '2023-12-05 09:30:44'),
	(265, 'JILALI', 'Abdelhakim', 'F11375', 'Homme', 'ENS', '', 6, '2023-12-05 09:30:44', '2023-12-05 09:30:44'),
	(266, 'KCHIT', 'ABDELFATAH', 'F11376', 'Homme', 'ENS', '', 6, '2023-12-05 09:30:44', '2023-12-05 09:30:44'),
	(267, 'KHATTACH', 'DRISS', 'F11377', 'Homme', 'ENS', 'non', 6, '2023-12-05 09:30:44', '2023-12-05 09:30:44'),
	(268, 'KHOUKHI', 'YAHYA', 'F11378', 'Homme', 'ENS', '', 6, '2023-12-05 09:30:44', '2023-12-05 09:30:44'),
	(269, 'NAIT BBA', 'Abdellah', 'F11379', 'Homme', 'ENS', '', 6, '2023-12-05 09:30:44', '2023-12-05 09:30:44'),
	(270, 'NASRI', 'Hicham', 'F11380', 'Homme', 'ENS', '', 6, '2023-12-05 09:30:44', '2023-12-05 09:30:44'),
	(271, 'OUAHHABI', 'BENALI', 'F11381', 'Homme', 'ENS', 'non', 6, '2023-12-05 09:30:44', '2023-12-05 09:30:44'),
	(272, 'OUJIDI', 'MOSTAFA', 'F11382', 'Homme', 'ENS', '', 6, '2023-12-05 09:30:44', '2023-12-05 09:30:44'),
	(273, 'REZQI', 'HLIMA', 'F11383', 'Femme', 'ENS', '', 6, '2023-12-05 09:30:44', '2023-12-05 09:30:44'),
	(274, 'TALBI', 'EL HASSAN', 'F11384', 'Homme', 'ENS', '', 6, '2023-12-05 09:30:44', '2023-12-05 09:30:44'),
	(275, 'TALBI', 'FOUAD', 'F11385', 'Homme', 'ENS', '', 6, '2023-12-05 09:30:44', '2023-12-05 09:30:44'),
	(276, 'TORBI', 'ABDELKRIM', 'F11386', 'Homme', 'ENS', 'Amphi', 6, '2023-12-05 09:30:44', '2023-12-05 09:30:44'),
	(277, 'BABA', 'Khalil', 'F11387', 'Homme', 'ENS', '', 7, '2023-12-05 09:30:44', '2023-12-05 09:30:44'),
	(278, 'BEN ABDELLAH', 'Fadoua', 'F11388', 'Femme', 'ENS', '', 7, '2023-12-05 09:30:44', '2023-12-05 09:30:44'),
	(279, 'BOUCHTA', 'Midane', 'F11389', 'Homme', 'ENS', '', 7, '2023-12-05 09:30:44', '2023-12-05 09:30:44'),
	(280, 'MAZARI', 'Abdelfattah', 'F11390', 'Homme', 'ENS', '', 7, '2023-12-05 09:30:44', '2023-12-05 09:30:44'),
	(281, 'TOUH', 'Naima', 'F11391', 'Femme', 'ENS', '', 7, '2023-12-05 09:30:44', '2023-12-05 09:30:44'),
	(282, 'ZAMITA', 'Naoual', 'F11392', 'Femme', 'ENS', '', 7, '2023-12-05 09:30:44', '2023-12-05 09:30:44');

-- Listage de la structure de table bkb. locals
CREATE TABLE IF NOT EXISTS `locals` (
  `id` bigint unsigned NOT NULL AUTO_INCREMENT,
  `nom` varchar(255) COLLATE utf8mb4_unicode_ci NOT NULL,
  `capacite_Ens` int NOT NULL,
  `capacite_Fon` float NOT NULL,
  `capacite_Etu` int NOT NULL,
  `etage` varchar(255) COLLATE utf8mb4_unicode_ci NOT NULL,
  `bloc_id` bigint unsigned NOT NULL,
  `created_at` timestamp NULL DEFAULT NULL,
  `updated_at` timestamp NULL DEFAULT NULL,
  PRIMARY KEY (`id`),
  KEY `locals_bloc_id_foreign` (`bloc_id`),
  CONSTRAINT `locals_bloc_id_foreign` FOREIGN KEY (`bloc_id`) REFERENCES `blocs` (`id`)
) ENGINE=InnoDB AUTO_INCREMENT=54 DEFAULT CHARSET=utf8mb4 COLLATE=utf8mb4_unicode_ci;

-- Listage des données de la table bkb.locals : ~53 rows (environ)
DELETE FROM `locals`;
INSERT INTO `locals` (`id`, `nom`, `capacite_Ens`, `capacite_Fon`, `capacite_Etu`, `etage`, `bloc_id`, `created_at`, `updated_at`) VALUES
	(1, 'AMPHI A', 4, 1, 50, '0', 1, '2023-12-05 09:30:44', '2023-12-05 09:30:44'),
	(2, 'AMPHI B', 4, 1, 50, '0', 1, '2023-12-05 09:30:44', '2023-12-05 09:30:44'),
	(3, 'AMPHI C', 4, 1, 50, '0', 1, '2023-12-05 09:30:44', '2023-12-05 09:30:44'),
	(4, 'AMPHI D', 3, 1, 50, '0', 2, '2023-12-05 09:30:44', '2023-12-05 09:30:44'),
	(5, 'AMPHI E', 3, 1, 50, '0', 2, '2023-12-05 09:30:44', '2023-12-05 09:30:44'),
	(6, 'AMPHI F', 3, 1, 50, '0', 2, '2023-12-05 09:30:44', '2023-12-05 09:30:44'),
	(7, 'Salle 1', 3, 1, 50, '0', 3, '2023-12-05 09:30:44', '2023-12-05 09:30:44'),
	(8, 'Salle 2', 3, 1, 50, '0', 3, '2023-12-05 09:30:44', '2023-12-05 09:30:44'),
	(9, 'Salle 3', 3, 1, 50, '0', 3, '2023-12-05 09:30:44', '2023-12-05 09:30:44'),
	(10, 'Salle 4', 2, 0.5, 50, '1', 3, '2023-12-05 09:30:44', '2023-12-05 09:30:44'),
	(11, 'Salle 5', 2, 0.5, 50, '1', 3, '2023-12-05 09:30:44', '2023-12-05 09:30:44'),
	(12, 'Salle 6', 2, 0.5, 50, '1', 3, '2023-12-05 09:30:44', '2023-12-05 09:30:44'),
	(13, 'Salle 7', 2, 0.5, 50, '1', 3, '2023-12-05 09:30:44', '2023-12-05 09:30:44'),
	(14, 'Salle 8', 2, 0.5, 50, '1', 3, '2023-12-05 09:30:44', '2023-12-05 09:30:44'),
	(15, 'Salle 9', 2, 0.5, 50, '1', 3, '2023-12-05 09:30:44', '2023-12-05 09:30:44'),
	(16, 'Salle 10', 2, 0.5, 50, '2', 3, '2023-12-05 09:30:44', '2023-12-05 09:30:44'),
	(17, 'Salle 11', 2, 0.5, 50, '2', 3, '2023-12-05 09:30:44', '2023-12-05 09:30:44'),
	(18, 'Salle 12', 2, 0.5, 50, '2', 3, '2023-12-05 09:30:44', '2023-12-05 09:30:44'),
	(19, 'Salle 13', 2, 0.5, 50, '2', 3, '2023-12-05 09:30:44', '2023-12-05 09:30:44'),
	(20, 'Salle 14', 2, 0.5, 50, '2', 3, '2023-12-05 09:30:44', '2023-12-05 09:30:44'),
	(21, 'Salle 15', 2, 0.5, 50, '2', 3, '2023-12-05 09:30:44', '2023-12-05 09:30:44'),
	(22, 'Salle 1', 2, 0.5, 50, '0', 4, '2023-12-05 09:30:44', '2023-12-05 09:30:44'),
	(23, 'Salle 2', 2, 0.5, 50, '0', 4, '2023-12-05 09:30:44', '2023-12-05 09:30:44'),
	(24, 'Salle 3', 2, 0.5, 50, '0', 4, '2023-12-05 09:30:44', '2023-12-05 09:30:44'),
	(25, 'Salle 4', 2, 0.5, 50, '0', 4, '2023-12-05 09:30:44', '2023-12-05 09:30:44'),
	(26, 'Salle 5', 2, 0.5, 50, '1', 4, '2023-12-05 09:30:44', '2023-12-05 09:30:44'),
	(27, 'Salle 6', 2, 0.5, 50, '1', 4, '2023-12-05 09:30:44', '2023-12-05 09:30:44'),
	(28, 'Salle 7', 2, 0.5, 50, '1', 4, '2023-12-05 09:30:44', '2023-12-05 09:30:44'),
	(29, 'Salle 8', 2, 0.5, 50, '1', 4, '2023-12-05 09:30:44', '2023-12-05 09:30:44'),
	(30, 'Salle 9', 2, 0.5, 50, '2', 4, '2023-12-05 09:30:44', '2023-12-05 09:30:44'),
	(31, 'Salle 10', 2, 0.5, 50, '2', 4, '2023-12-05 09:30:44', '2023-12-05 09:30:44'),
	(32, 'Salle 11', 2, 0.5, 50, '2', 4, '2023-12-05 09:30:44', '2023-12-05 09:30:44'),
	(33, 'Salle 12', 2, 0.5, 50, '2', 4, '2023-12-05 09:30:44', '2023-12-05 09:30:44'),
	(34, 'Salle 1', 2, 0.5, 50, '0', 5, '2023-12-05 09:30:44', '2023-12-05 09:30:44'),
	(35, 'Salle 2', 2, 0.5, 50, '0', 5, '2023-12-05 09:30:44', '2023-12-05 09:30:44'),
	(36, 'Salle 3', 2, 0.5, 50, '0', 5, '2023-12-05 09:30:44', '2023-12-05 09:30:44'),
	(37, 'Salle 4', 2, 0.5, 50, '0', 5, '2023-12-05 09:30:44', '2023-12-05 09:30:44'),
	(38, 'Salle 5', 2, 0.5, 50, '0', 5, '2023-12-05 09:30:44', '2023-12-05 09:30:44'),
	(39, 'Salle 6', 2, 0.5, 50, '0', 5, '2023-12-05 09:30:44', '2023-12-05 09:30:44'),
	(40, 'Salle 7', 2, 0.5, 50, '0', 5, '2023-12-05 09:30:44', '2023-12-05 09:30:44'),
	(41, 'Salle 8', 2, 0.5, 50, '0', 5, '2023-12-05 09:30:44', '2023-12-05 09:30:44'),
	(42, 'Salle 9', 2, 0.5, 50, '1', 5, '2023-12-05 09:30:44', '2023-12-05 09:30:44'),
	(43, 'Salle 10', 2, 0.5, 50, '1', 5, '2023-12-05 09:30:44', '2023-12-05 09:30:44'),
	(44, 'Salle 11', 2, 0.5, 50, '1', 5, '2023-12-05 09:30:44', '2023-12-05 09:30:44'),
	(45, 'Salle 12', 2, 0.5, 50, '1', 5, '2023-12-05 09:30:44', '2023-12-05 09:30:44'),
	(46, 'Salle 13', 2, 0.5, 50, '1', 5, '2023-12-05 09:30:44', '2023-12-05 09:30:44'),
	(47, 'Salle 14', 2, 0.5, 50, '1', 5, '2023-12-05 09:30:44', '2023-12-05 09:30:44'),
	(48, 'Salle 15', 2, 0.5, 50, '1', 5, '2023-12-05 09:30:44', '2023-12-05 09:30:44'),
	(49, 'Salle 16', 2, 0.5, 50, '1', 5, '2023-12-05 09:30:44', '2023-12-05 09:30:44'),
	(50, 'Salle 7', 2, 1, 50, '0', 6, '2023-12-05 09:30:44', '2023-12-05 09:30:44'),
	(51, 'Salle 11', 2, 0.5, 50, '1', 6, '2023-12-05 09:30:44', '2023-12-05 09:30:44'),
	(52, 'Salle 13', 2, 0.5, 50, '1', 6, '2023-12-05 09:30:44', '2023-12-05 09:30:44'),
	(53, 'Salle 14', 2, 1, 50, '2', 6, '2023-12-05 09:30:44', '2023-12-05 09:30:44');

-- Listage de la structure de table bkb. migrations
CREATE TABLE IF NOT EXISTS `migrations` (
  `id` int unsigned NOT NULL AUTO_INCREMENT,
  `migration` varchar(255) COLLATE utf8mb4_unicode_ci NOT NULL,
  `batch` int NOT NULL,
  PRIMARY KEY (`id`)
) ENGINE=InnoDB AUTO_INCREMENT=17 DEFAULT CHARSET=utf8mb4 COLLATE=utf8mb4_unicode_ci;

-- Listage des données de la table bkb.migrations : ~16 rows (environ)
DELETE FROM `migrations`;
INSERT INTO `migrations` (`id`, `migration`, `batch`) VALUES
	(1, '2014_10_12_000000_create_users_table', 1),
	(2, '2014_10_12_100000_create_password_reset_tokens_table', 1),
	(3, '2014_10_12_100000_create_password_resets_table', 1),
	(4, '2019_08_19_000000_create_failed_jobs_table', 1),
	(5, '2019_12_14_000001_create_personal_access_tokens_table', 1),
	(6, '2023_12_02_204026_create_services_table', 1),
	(7, '2023_12_02_205508_create_fonctionnaires_table', 1),
	(8, '2023_12_02_205754_create_blocs_table', 1),
	(9, '2023_12_02_205924_create_locals_table', 1),
	(10, '2023_12_02_210107_create_examens_table', 1),
	(11, '2023_12_02_210126_create_filieres_table', 1),
	(12, '2023_12_02_210155_create_modules_table', 1),
	(13, '2023_12_02_210214_create_etudiants_table', 1),
	(14, '2023_12_02_210227_create_part_examens_table', 1),
	(15, '2023_12_02_210359_create_surveillances_table', 1),
	(16, '2023_12_05_103653_create_filoc_table', 2);

-- Listage de la structure de table bkb. modules
CREATE TABLE IF NOT EXISTS `modules` (
  `id` bigint unsigned NOT NULL AUTO_INCREMENT,
  `nom` varchar(255) COLLATE utf8mb4_unicode_ci NOT NULL,
  `filiere_id` bigint unsigned NOT NULL,
  `created_at` timestamp NULL DEFAULT NULL,
  `updated_at` timestamp NULL DEFAULT NULL,
  PRIMARY KEY (`id`),
  KEY `modules_filiere_id_foreign` (`filiere_id`),
  CONSTRAINT `modules_filiere_id_foreign` FOREIGN KEY (`filiere_id`) REFERENCES `filieres` (`id`)
) ENGINE=InnoDB AUTO_INCREMENT=94 DEFAULT CHARSET=utf8mb4 COLLATE=utf8mb4_unicode_ci;

-- Listage des données de la table bkb.modules : ~93 rows (environ)
DELETE FROM `modules`;
INSERT INTO `modules` (`id`, `nom`, `filiere_id`, `created_at`, `updated_at`) VALUES
	(1, 'ANALYSE 1', 1, '2023-12-05 09:30:44', '2023-12-05 09:30:44'),
	(2, 'ALGEBRE 1', 1, '2023-12-05 09:30:44', '2023-12-05 09:30:44'),
	(3, 'PHYSIQUE 1 (MECANIQUE DU POINT)', 1, '2023-12-05 09:30:44', '2023-12-05 09:30:44'),
	(4, 'PHYSIQUE 2 (THERMODYNAMIQUE 1)', 1, '2023-12-05 09:30:44', '2023-12-05 09:30:44'),
	(5, 'ALGEBRE 2', 1, '2023-12-05 09:30:44', '2023-12-05 09:30:44'),
	(6, 'INFORMATIQUE 1 (INTROD. A L\'INFORMATIQUE)', 1, '2023-12-05 09:30:44', '2023-12-05 09:30:44'),
	(7, 'LANGUES ET TERMINOLOGIE 1 ', 1, '2023-12-05 09:30:44', '2023-12-05 09:30:44'),
	(8, 'ELECTRONIQUE', 2, '2023-12-05 09:30:44', '2023-12-05 09:30:44'),
	(9, 'ALGORITHMIQUE 2', 2, '2023-12-05 09:30:44', '2023-12-05 09:30:44'),
	(10, 'SYSTأˆME D\'EXPLOITATION 1', 2, '2023-12-05 09:30:44', '2023-12-05 09:30:44'),
	(11, 'PROBABILITE & STATISTIQUE', 2, '2023-12-05 09:30:44', '2023-12-05 09:30:44'),
	(12, 'TECHNOLOGIE WEB', 2, '2023-12-05 09:30:44', '2023-12-05 09:30:44'),
	(13, 'PROGRAMMATION 1', 2, '2023-12-05 09:30:44', '2023-12-05 09:30:44'),
	(14, 'BASES DE DONNEES', 3, '2023-12-05 09:30:44', '2023-12-05 09:30:44'),
	(15, 'COMPILATION', 3, '2023-12-05 09:30:44', '2023-12-05 09:30:44'),
	(16, 'RESEAUX', 3, '2023-12-05 09:30:44', '2023-12-05 09:30:44'),
	(17, 'RECHERCHE OPERATIONNELLE', 3, '2023-12-05 09:30:44', '2023-12-05 09:30:44'),
	(18, 'CONCEPTION ORIENTEE OBJET', 3, '2023-12-05 09:30:44', '2023-12-05 09:30:44'),
	(19, 'PROGRAMMATION ORIENTEE OBJET', 3, '2023-12-05 09:30:44', '2023-12-05 09:30:44'),
	(20, 'ANALYSE 4', 4, '2023-12-05 09:30:44', '2023-12-05 09:30:44'),
	(21, 'ANALYSE 5', 4, '2023-12-05 09:30:44', '2023-12-05 09:30:44'),
	(22, 'ALGEBRE 4', 4, '2023-12-05 09:30:44', '2023-12-05 09:30:44'),
	(23, 'PROBABILITE-STATISTIQUE', 4, '2023-12-05 09:30:44', '2023-12-05 09:30:44'),
	(24, 'PHYSIQUE 5 (ELECTROMAGNETISME)', 4, '2023-12-05 09:30:44', '2023-12-05 09:30:44'),
	(25, 'INFORMATIQUE 3 (ALGORITH. & PROGRAM.)', 4, '2023-12-05 09:30:44', '2023-12-05 09:30:44'),
	(26, 'TOPOLOGIE', 5, '2023-12-05 09:30:44', '2023-12-05 09:30:44'),
	(27, 'INTEGRATION', 5, '2023-12-05 09:30:44', '2023-12-05 09:30:44'),
	(28, 'CALCUL DIFFERENTIEL', 5, '2023-12-05 09:30:44', '2023-12-05 09:30:44'),
	(29, 'PROGRAMMATION MATHEMATIQUE', 5, '2023-12-05 09:30:44', '2023-12-05 09:30:44'),
	(30, 'ANALYSE NUMERIQUE 2', 5, '2023-12-05 09:30:44', '2023-12-05 09:30:44'),
	(31, 'INFORMATIQUE 5 ( PROGRAM.ORIENTEE OBJET)', 5, '2023-12-05 09:30:44', '2023-12-05 09:30:44'),
	(32, 'MECANIQUE DU POINT', 6, '2023-12-05 09:30:44', '2023-12-05 09:30:44'),
	(33, 'THERMODYNAMIQUE 1', 6, '2023-12-05 09:30:44', '2023-12-05 09:30:44'),
	(34, 'ATOMISTIQUE', 6, '2023-12-05 09:30:44', '2023-12-05 09:30:44'),
	(35, 'THERMOCHIMIE', 6, '2023-12-05 09:30:44', '2023-12-05 09:30:44'),
	(36, 'ANALYSE 1', 6, '2023-12-05 09:30:44', '2023-12-05 09:30:44'),
	(37, 'ALGEBRE 1', 6, '2023-12-05 09:30:44', '2023-12-05 09:30:44'),
	(38, 'LANGUES ET TERMINOLOGIE 1 ', 6, '2023-12-05 09:30:44', '2023-12-05 09:30:44'),
	(39, 'MECANIQUE DU SOLIDE', 7, '2023-12-05 09:30:44', '2023-12-05 09:30:44'),
	(40, 'THERMODYNAMIQUE 2', 7, '2023-12-05 09:30:44', '2023-12-05 09:30:44'),
	(41, 'ELECTROMAGNETISME DANS LE VIDE', 7, '2023-12-05 09:30:44', '2023-12-05 09:30:44'),
	(42, 'CHIMIE ORGANIQUE GENERALE', 7, '2023-12-05 09:30:44', '2023-12-05 09:30:44'),
	(43, 'ANALYSE 3', 7, '2023-12-05 09:30:44', '2023-12-05 09:30:44'),
	(44, 'ANALYSE NUMERIQUE ET ALGORITHMIQUE', 7, '2023-12-05 09:30:44', '2023-12-05 09:30:44'),
	(45, 'ELECTRONIQUE ANALOGIQUE', 8, '2023-12-05 09:30:44', '2023-12-05 09:30:44'),
	(46, 'MECANIQUE ANALITIQUE ET VIBRATIONS', 8, '2023-12-05 09:30:44', '2023-12-05 09:30:44'),
	(47, 'PHYSIQUE NUCLEAIRE', 8, '2023-12-05 09:30:44', '2023-12-05 09:30:44'),
	(48, 'PHYSIQUE DES MATERIAUX', 8, '2023-12-05 09:30:44', '2023-12-05 09:30:44'),
	(49, 'PHYSIQUE QUANTIQUE', 8, '2023-12-05 09:30:44', '2023-12-05 09:30:44'),
	(50, 'PHYSIQUE STATISTIQUE', 8, '2023-12-05 09:30:44', '2023-12-05 09:30:44'),
	(51, 'CHIMIE ORGANIQUE GENERALE', 9, '2023-12-05 09:30:44', '2023-12-05 09:30:44'),
	(52, 'CH. DESCRIPTIVE ET DIAGRAMME DES PHASES', 9, '2023-12-05 09:30:44', '2023-12-05 09:30:44'),
	(53, 'ELECTROMAGNETISME', 9, '2023-12-05 09:30:44', '2023-12-05 09:30:44'),
	(54, 'CHIMIE EXPERIMENTALE', 9, '2023-12-05 09:30:44', '2023-12-05 09:30:44'),
	(55, 'CHIMIE DES ELECTROLYTES', 9, '2023-12-05 09:30:44', '2023-12-05 09:30:44'),
	(56, 'MATHEMATIQUES POUR LA CHIMIE', 9, '2023-12-05 09:30:44', '2023-12-05 09:30:44'),
	(57, 'CHIMIE ORGANIQUE FONCTIONNELLE', 10, '2023-12-05 09:30:44', '2023-12-05 09:30:44'),
	(58, 'RADIOCRISTALLOGRAPHIE ET CRISTALLOCHIMIE 2', 10, '2023-12-05 09:30:44', '2023-12-05 09:30:44'),
	(59, 'CINETIQUE ET CATALYSE', 10, '2023-12-05 09:30:44', '2023-12-05 09:30:44'),
	(60, 'CHIMIE THEORIQUE', 10, '2023-12-05 09:30:44', '2023-12-05 09:30:44'),
	(61, 'ELECTROCHIMIE', 10, '2023-12-05 09:30:44', '2023-12-05 09:30:44'),
	(62, 'THECHNIQUES SPECTROSCOPIQUES D\'ANALYSE', 10, '2023-12-05 09:30:44', '2023-12-05 09:30:44'),
	(63, 'BIOLOGIE CELLULAIRE', 11, '2023-12-05 09:30:44', '2023-12-05 09:30:44'),
	(64, 'EMBRYOLOGIE-HISTOLOGIE', 11, '2023-12-05 09:30:44', '2023-12-05 09:30:44'),
	(65, 'GEOLOGIE GENERALE', 11, '2023-12-05 09:30:44', '2023-12-05 09:30:44'),
	(66, 'MATHEMATIQUES', 11, '2023-12-05 09:30:44', '2023-12-05 09:30:44'),
	(67, 'PHYSIQUE 1', 11, '2023-12-05 09:30:44', '2023-12-05 09:30:44'),
	(68, 'CHIMIE GENERALE', 11, '2023-12-05 09:30:44', '2023-12-05 09:30:44'),
	(69, 'LANGUES ET TERMINOLOGIE 1 ', 11, '2023-12-05 09:30:44', '2023-12-05 09:30:44'),
	(70, 'BIOCHIMIE STRUCTURALE', 12, '2023-12-05 09:30:44', '2023-12-05 09:30:44'),
	(71, 'MICROBIOLOGIE GENERALE', 12, '2023-12-05 09:30:44', '2023-12-05 09:30:44'),
	(72, 'ECOLOGIE GENERALE 1', 12, '2023-12-05 09:30:44', '2023-12-05 09:30:44'),
	(73, 'TECHNIQUES CHIMIQUES POUR LA BIOLOGIE', 12, '2023-12-05 09:30:44', '2023-12-05 09:30:44'),
	(74, 'BIOPHYSIQUE', 12, '2023-12-05 09:30:44', '2023-12-05 09:30:44'),
	(75, 'STATISTIQUES', 12, '2023-12-05 09:30:44', '2023-12-05 09:30:44'),
	(76, 'GENETIQUE 2', 13, '2023-12-05 09:30:44', '2023-12-05 09:30:44'),
	(77, 'BIOLOGIE MOLECULAIRE', 13, '2023-12-05 09:30:44', '2023-12-05 09:30:44'),
	(78, 'ECOLOGIE GENERALE 2', 13, '2023-12-05 09:30:44', '2023-12-05 09:30:44'),
	(79, 'IMMUNOLOGIE', 13, '2023-12-05 09:30:44', '2023-12-05 09:30:44'),
	(80, 'PHYSIOLOGIE DES GRANDES FONCTIONS', 13, '2023-12-05 09:30:44', '2023-12-05 09:30:44'),
	(81, 'CROISSANCE ET DEVELOP. DES PLANTES', 13, '2023-12-05 09:30:44', '2023-12-05 09:30:44'),
	(82, 'TECTONIQUE ANALYTIQUE', 14, '2023-12-05 09:30:44', '2023-12-05 09:30:44'),
	(83, 'PETROLOGIE MAGMATIQUE', 14, '2023-12-05 09:30:44', '2023-12-05 09:30:44'),
	(84, 'TECTONIQUE GLOBALE', 14, '2023-12-05 09:30:44', '2023-12-05 09:30:44'),
	(85, 'PETROLOGIE METAMORPHIQUE', 14, '2023-12-05 09:30:44', '2023-12-05 09:30:44'),
	(86, 'PHYSIQUE APPLIQUEE AUX SCIENCES DE LA TERRE', 14, '2023-12-05 09:30:44', '2023-12-05 09:30:44'),
	(87, 'STATISTIQUES', 14, '2023-12-05 09:30:44', '2023-12-05 09:30:44'),
	(88, 'GEOLOGIE MAROC I', 15, '2023-12-05 09:30:44', '2023-12-05 09:30:44'),
	(89, 'METALLOGENIE', 15, '2023-12-05 09:30:44', '2023-12-05 09:30:44'),
	(90, 'GEOLOGIE MAROC II', 15, '2023-12-05 09:30:44', '2023-12-05 09:30:44'),
	(91, 'HYDROGEOLOGIE', 15, '2023-12-05 09:30:44', '2023-12-05 09:30:44'),
	(92, 'GEOPHYSIQUE', 15, '2023-12-05 09:30:44', '2023-12-05 09:30:44'),
	(93, 'GEOCHIMIE', 15, '2023-12-05 09:30:44', '2023-12-05 09:30:44');

-- Listage de la structure de table bkb. part_examens
CREATE TABLE IF NOT EXISTS `part_examens` (
  `id` bigint unsigned NOT NULL AUTO_INCREMENT,
  `date_debut` date NOT NULL,
  `heure_debut` time NOT NULL,
  `heure_fin` time NOT NULL,
  `examen_id` bigint unsigned NOT NULL,
  `module_id` bigint unsigned NOT NULL,
  `jour` varchar(50) CHARACTER SET utf8mb4 COLLATE utf8mb4_unicode_ci DEFAULT NULL,
  `created_at` timestamp NULL DEFAULT NULL,
  `updated_at` timestamp NULL DEFAULT NULL,
  PRIMARY KEY (`id`),
  KEY `part_examens_examen_id_foreign` (`examen_id`),
  KEY `part_examens_module_id_foreign` (`module_id`),
  CONSTRAINT `part_examens_examen_id_foreign` FOREIGN KEY (`examen_id`) REFERENCES `examens` (`id`),
  CONSTRAINT `part_examens_module_id_foreign` FOREIGN KEY (`module_id`) REFERENCES `modules` (`id`)
) ENGINE=InnoDB AUTO_INCREMENT=101 DEFAULT CHARSET=utf8mb4 COLLATE=utf8mb4_unicode_ci;

-- Listage des données de la table bkb.part_examens : ~93 rows (environ)
DELETE FROM `part_examens`;
INSERT INTO `part_examens` (`id`, `date_debut`, `heure_debut`, `heure_fin`, `examen_id`, `module_id`, `jour`, `created_at`, `updated_at`) VALUES
	(1, '2023-02-02', '08:30:00', '10:00:00', 1, 34, 'matain', '2023-12-06 09:08:18', '2023-12-06 09:08:19'),
	(2, '2023-02-02', '10:15:00', '11:45:00', 1, 35, 'matain', '2023-12-06 09:08:18', '2023-12-06 09:08:18'),
	(3, '2023-02-04', '08:30:00', '10:00:00', 1, 36, 'matain', '2023-12-06 09:08:18', '2023-12-06 09:08:18'),
	(4, '2023-02-04', '10:15:00', '11:45:00', 1, 37, 'matain', '2023-12-06 09:08:18', '2023-12-06 09:08:18'),
	(5, '2023-02-08', '08:30:00', '10:00:00', 1, 38, 'matain', '2023-12-06 09:08:18', '2023-12-06 09:08:18'),
	(6, '2023-02-07', '08:30:00', '10:00:00', 1, 32, 'matain', '2023-12-06 09:08:18', '2023-12-06 09:08:18'),
	(7, '2023-02-07', '10:15:00', '11:45:00', 1, 33, 'matain', '2023-12-06 09:08:18', '2023-12-06 09:08:18'),
	(8, '2023-02-01', '08:30:00', '10:00:00', 1, 42, 'matain', '2023-12-06 09:08:18', '2023-12-06 09:08:18'),
	(9, '2023-02-01', '10:15:00', '11:45:00', 1, 39, 'matain', '2023-12-06 09:08:18', '2023-12-06 09:08:18'),
	(10, '2023-02-03', '08:30:00', '10:00:00', 1, 41, 'matain', '2023-12-06 09:08:18', '2023-12-06 09:08:18'),
	(11, '2023-02-03', '10:15:00', '11:45:00', 1, 40, 'matain', '2023-12-06 09:08:18', '2023-12-06 09:08:18'),
	(12, '2023-02-06', '08:30:00', '10:00:00', 1, 44, 'matain', '2023-12-06 09:08:18', '2023-12-06 09:08:18'),
	(13, '2023-02-06', '10:15:00', '11:45:00', 1, 43, 'matain', '2023-12-06 09:08:18', '2023-12-06 09:08:18'),
	(14, '2023-02-02', '14:30:00', '16:00:00', 1, 46, 'soir', '2023-12-06 09:08:18', '2023-12-06 09:08:18'),
	(15, '2023-02-02', '16:15:00', '17:45:00', 1, 45, 'soir', '2023-12-06 09:08:18', '2023-12-06 09:08:18'),
	(16, '2023-02-04', '14:30:00', '16:00:00', 1, 47, 'soir', '2023-12-06 09:08:18', '2023-12-06 09:08:18'),
	(17, '2023-02-04', '16:15:00', '17:45:00', 1, 48, 'soir', '2023-12-06 09:08:18', '2023-12-06 09:08:18'),
	(18, '2023-02-07', '14:30:00', '16:00:00', 1, 49, 'soir', '2023-12-06 09:08:18', '2023-12-06 09:08:18'),
	(19, '2023-02-07', '16:15:00', '17:45:00', 1, 50, 'soir', '2023-12-06 09:08:18', '2023-12-06 09:08:18'),
	(27, '2023-02-01', '08:30:00', '10:00:00', 1, 51, 'matain', '2023-12-06 09:08:18', '2023-12-06 09:08:18'),
	(28, '2023-02-01', '10:15:00', '11:45:00', 1, 55, 'matain', '2023-12-06 09:08:18', '2023-12-06 09:08:18'),
	(29, '2023-02-03', '08:30:00', '10:00:00', 1, 53, 'matain', '2023-12-06 09:08:18', '2023-12-06 09:08:18'),
	(30, '2023-02-03', '10:15:00', '11:45:00', 1, 54, 'matain', '2023-12-06 09:08:18', '2023-12-06 09:08:18'),
	(31, '2023-02-06', '08:30:00', '10:00:00', 1, 52, 'matain', '2023-12-06 09:08:18', '2023-12-06 09:08:18'),
	(32, '2023-02-06', '10:15:00', '11:45:00', 1, 56, 'matain', '2023-12-06 09:08:18', '2023-12-06 09:08:18'),
	(33, '2023-02-02', '14:30:00', '16:00:00', 1, 57, 'soir', '2023-12-06 09:08:18', '2023-12-06 09:08:18'),
	(34, '2023-02-02', '16:15:00', '17:45:00', 1, 59, 'soir', '2023-12-06 09:08:18', '2023-12-06 09:08:18'),
	(35, '2023-02-04', '14:30:00', '16:00:00', 1, 62, 'soir', '2023-12-06 09:08:18', '2023-12-06 09:08:18'),
	(36, '2023-02-04', '16:15:00', '17:45:00', 1, 61, 'soir', '2023-12-06 09:08:18', '2023-12-06 09:08:18'),
	(37, '2023-02-07', '14:30:00', '16:00:00', 1, 60, 'soir', '2023-12-06 09:08:18', '2023-12-06 09:08:18'),
	(38, '2023-02-07', '16:15:00', '17:45:00', 1, 58, 'soir', '2023-12-06 09:08:18', '2023-12-06 09:08:18'),
	(39, '2023-02-01', '14:30:00', '16:00:00', 1, 66, 'soir', '2023-12-06 09:08:18', '2023-12-06 09:08:18'),
	(40, '2023-02-01', '16:15:00', '17:45:00', 1, 65, 'soir', '2023-12-06 09:08:18', '2023-12-06 09:08:18'),
	(41, '2023-02-03', '15:00:00', '16:30:00', 1, 63, 'soir', '2023-12-06 09:08:18', '2023-12-06 09:08:18'),
	(42, '2023-02-03', '16:45:00', '18:15:00', 1, 64, 'soir', '2023-12-06 09:08:18', '2023-12-06 09:08:18'),
	(43, '2023-02-08', '10:15:00', '11:45:00', 1, 69, 'matain', '2023-12-06 09:08:18', '2023-12-06 09:08:18'),
	(44, '2023-02-06', '14:30:00', '16:00:00', 1, 67, 'soir', '2023-12-06 09:08:18', '2023-12-06 09:08:18'),
	(45, '2023-02-06', '16:15:00', '17:45:00', 1, 68, 'soir', '2023-12-06 09:08:18', '2023-12-06 09:08:18'),
	(46, '2023-02-02', '14:30:00', '16:00:00', 1, 70, 'soir', '2023-12-06 09:08:18', '2023-12-06 09:08:18'),
	(47, '2023-02-02', '16:15:00', '17:45:00', 1, 72, 'soir', '2023-12-06 09:08:18', '2023-12-06 09:08:18'),
	(48, '2023-02-04', '14:30:00', '16:00:00', 1, 74, 'soir', '2023-12-06 09:08:18', '2023-12-06 09:08:18'),
	(49, '2023-02-04', '16:15:00', '17:45:00', 1, 73, 'soir', '2023-12-06 09:08:18', '2023-12-06 09:08:18'),
	(50, '2023-02-07', '14:30:00', '16:00:00', 1, 71, 'soir', '2023-12-06 09:08:18', '2023-12-06 09:08:18'),
	(51, '2023-02-07', '16:15:00', '17:45:00', 1, 75, 'soir', '2023-12-06 09:08:18', '2023-12-06 09:08:18'),
	(52, '2023-02-01', '08:30:00', '10:00:00', 1, 78, 'matain', '2023-12-06 09:08:18', '2023-12-06 09:08:18'),
	(53, '2023-02-01', '10:15:00', '11:45:00', 1, 80, 'matain', '2023-12-06 09:08:18', '2023-12-06 09:08:18'),
	(54, '2023-02-03', '08:30:00', '10:00:00', 1, 77, 'matain', '2023-12-06 09:08:18', '2023-12-06 09:08:18'),
	(55, '2023-02-03', '10:15:00', '11:45:00', 1, 76, 'matain', '2023-12-06 09:08:18', '2023-12-06 09:08:18'),
	(56, '2023-02-06', '08:30:00', '10:00:00', 1, 79, 'matain', '2023-12-06 09:08:18', '2023-12-06 09:08:18'),
	(57, '2023-02-06', '10:15:00', '11:45:00', 1, 81, 'matain', '2023-12-06 09:08:18', '2023-12-06 09:08:18'),
	(58, '2023-02-02', '14:30:00', '16:00:00', 1, 82, 'soir', '2023-12-06 09:08:18', '2023-12-06 09:08:18'),
	(59, '2023-02-02', '16:15:00', '17:45:00', 1, 83, 'soir', '2023-12-06 09:08:18', '2023-12-06 09:08:18'),
	(60, '2023-02-04', '14:30:00', '16:00:00', 1, 84, 'soir', '2023-12-06 09:08:18', '2023-12-06 09:08:18'),
	(61, '2023-02-04', '16:15:00', '17:45:00', 1, 85, 'soir', '2023-12-06 09:08:18', '2023-12-06 09:08:18'),
	(62, '2023-02-07', '14:30:00', '16:00:00', 1, 86, 'soir', '2023-12-06 09:08:18', '2023-12-06 09:08:18'),
	(63, '2023-02-07', '16:15:00', '17:45:00', 1, 87, 'soir', '2023-12-06 09:08:18', '2023-12-06 09:08:18'),
	(64, '2023-02-01', '08:30:00', '10:00:00', 1, 88, 'matain', '2023-12-06 09:08:18', '2023-12-06 09:08:18'),
	(65, '2023-02-01', '10:15:00', '11:45:00', 1, 89, 'matain', '2023-12-06 09:08:18', '2023-12-06 09:08:18'),
	(66, '2023-02-03', '08:30:00', '10:00:00', 1, 90, 'matain', '2023-12-06 09:08:18', '2023-12-06 09:08:18'),
	(67, '2023-02-03', '10:15:00', '11:45:00', 1, 91, 'matain', '2023-12-06 09:08:18', '2023-12-06 09:08:18'),
	(68, '2023-02-06', '08:30:00', '10:00:00', 1, 92, 'matain', '2023-12-06 09:08:18', '2023-12-06 09:08:18'),
	(69, '2023-02-06', '10:15:00', '11:45:00', 1, 93, 'matain', '2023-12-06 09:08:18', '2023-12-06 09:08:18'),
	(70, '2023-02-01', '14:30:00', '16:00:00', 1, 3, 'soir', '2023-12-06 09:08:18', '2023-12-06 09:08:18'),
	(71, '2023-02-01', '16:15:00', '17:45:00', 1, 4, 'soir', '2023-12-06 09:08:18', '2023-12-06 09:08:18'),
	(72, '2023-02-03', '15:00:00', '16:30:00', 1, 1, 'soir', '2023-12-06 09:08:18', '2023-12-06 09:08:18'),
	(73, '2023-02-03', '16:45:00', '18:15:00', 1, 2, 'soir', '2023-12-06 09:08:18', '2023-12-06 09:08:18'),
	(74, '2023-02-08', '10:15:00', '11:45:00', 1, 7, 'matain', '2023-12-06 09:08:18', '2023-12-06 09:08:18'),
	(75, '2023-02-06', '14:30:00', '16:00:00', 1, 6, 'soir', '2023-12-06 09:08:18', '2023-12-06 09:08:18'),
	(76, '2023-02-06', '16:15:00', '17:45:00', 1, 5, 'soir', '2023-12-06 09:08:18', '2023-12-06 09:08:18'),
	(77, '2023-02-02', '14:30:00', '16:00:00', 1, 20, 'soir', '2023-12-06 09:08:18', '2023-12-06 09:08:18'),
	(78, '2023-02-02', '16:15:00', '17:45:00', 1, 21, 'soir', '2023-12-06 09:08:18', '2023-12-06 09:08:18'),
	(79, '2023-02-04', '14:30:00', '16:00:00', 1, 22, 'soir', '2023-12-06 09:08:18', '2023-12-06 09:08:18'),
	(80, '2023-02-04', '16:15:00', '17:45:00', 1, 23, 'soir', '2023-12-06 09:08:18', '2023-12-06 09:08:18'),
	(81, '2023-02-07', '14:30:00', '16:00:00', 1, 24, 'soir', '2023-12-06 09:08:18', '2023-12-06 09:08:18'),
	(82, '2023-02-07', '16:15:00', '17:45:00', 1, 25, 'soir', '2023-12-06 09:08:18', '2023-12-06 09:08:18'),
	(83, '2023-02-01', '08:30:00', '10:00:00', 1, 31, 'matain', '2023-12-06 09:08:18', '2023-12-06 09:08:18'),
	(84, '2023-02-01', '10:15:00', '11:45:00', 1, 27, 'matain', '2023-12-06 09:08:18', '2023-12-06 09:08:18'),
	(85, '2023-02-03', '08:30:00', '10:00:00', 1, 28, 'matain', '2023-12-06 09:08:18', '2023-12-06 09:08:18'),
	(86, '2023-02-03', '10:15:00', '11:45:00', 1, 29, 'matain', '2023-12-06 09:08:18', '2023-12-06 09:08:18'),
	(87, '2023-02-06', '08:30:00', '10:00:00', 1, 30, 'matain', '2023-12-06 09:08:18', '2023-12-06 09:08:18'),
	(88, '2023-02-06', '10:15:00', '11:45:00', 1, 26, 'matain', '2023-12-06 09:08:18', '2023-12-06 09:08:18'),
	(89, '2023-02-02', '14:30:00', '16:00:00', 1, 8, 'soir', '2023-12-06 09:08:18', '2023-12-06 09:08:18'),
	(90, '2023-02-02', '16:15:00', '17:45:00', 1, 9, 'soir', '2023-12-06 09:08:18', '2023-12-06 09:08:18'),
	(91, '2023-02-04', '14:30:00', '16:00:00', 1, 10, 'soir', '2023-12-06 09:08:18', '2023-12-06 09:08:18'),
	(92, '2023-02-04', '16:15:00', '17:45:00', 1, 11, 'soir', '2023-12-06 09:08:18', '2023-12-06 09:08:18'),
	(93, '2023-02-07', '14:30:00', '16:00:00', 1, 12, 'soir', '2023-12-06 09:08:18', '2023-12-06 09:08:18'),
	(94, '2023-02-07', '16:15:00', '17:45:00', 1, 13, 'soir', '2023-12-06 09:08:18', '2023-12-06 09:08:18'),
	(95, '2023-02-01', '08:30:00', '10:00:00', 1, 14, 'matain', '2023-12-06 09:08:18', '2023-12-06 09:08:18'),
	(96, '2023-02-01', '10:15:00', '11:45:00', 1, 15, 'matain', '2023-12-06 09:08:18', '2023-12-06 09:08:18'),
	(97, '2023-02-03', '08:30:00', '10:00:00', 1, 16, 'matain', '2023-12-06 09:08:18', '2023-12-06 09:08:18'),
	(98, '2023-02-03', '10:15:00', '11:45:00', 1, 17, 'matain', '2023-12-06 09:08:18', '2023-12-06 09:08:18'),
	(99, '2023-02-06', '08:30:00', '10:00:00', 1, 18, 'matain', '2023-12-06 09:08:18', '2023-12-06 09:08:18'),
	(100, '2023-02-06', '10:15:00', '11:45:00', 1, 19, 'matain', '2023-12-06 09:08:18', '2023-12-06 09:08:18');

-- Listage de la structure de table bkb. password_resets
CREATE TABLE IF NOT EXISTS `password_resets` (
  `email` varchar(255) COLLATE utf8mb4_unicode_ci NOT NULL,
  `token` varchar(255) COLLATE utf8mb4_unicode_ci NOT NULL,
  `created_at` timestamp NULL DEFAULT NULL,
  KEY `password_resets_email_index` (`email`)
) ENGINE=InnoDB DEFAULT CHARSET=utf8mb4 COLLATE=utf8mb4_unicode_ci;

-- Listage des données de la table bkb.password_resets : ~0 rows (environ)
DELETE FROM `password_resets`;

-- Listage de la structure de table bkb. password_reset_tokens
CREATE TABLE IF NOT EXISTS `password_reset_tokens` (
  `email` varchar(255) COLLATE utf8mb4_unicode_ci NOT NULL,
  `token` varchar(255) COLLATE utf8mb4_unicode_ci NOT NULL,
  `created_at` timestamp NULL DEFAULT NULL,
  PRIMARY KEY (`email`)
) ENGINE=InnoDB DEFAULT CHARSET=utf8mb4 COLLATE=utf8mb4_unicode_ci;

-- Listage des données de la table bkb.password_reset_tokens : ~0 rows (environ)
DELETE FROM `password_reset_tokens`;

-- Listage de la structure de table bkb. personal_access_tokens
CREATE TABLE IF NOT EXISTS `personal_access_tokens` (
  `id` bigint unsigned NOT NULL AUTO_INCREMENT,
  `tokenable_type` varchar(255) COLLATE utf8mb4_unicode_ci NOT NULL,
  `tokenable_id` bigint unsigned NOT NULL,
  `name` varchar(255) COLLATE utf8mb4_unicode_ci NOT NULL,
  `token` varchar(64) COLLATE utf8mb4_unicode_ci NOT NULL,
  `abilities` text COLLATE utf8mb4_unicode_ci,
  `last_used_at` timestamp NULL DEFAULT NULL,
  `expires_at` timestamp NULL DEFAULT NULL,
  `created_at` timestamp NULL DEFAULT NULL,
  `updated_at` timestamp NULL DEFAULT NULL,
  PRIMARY KEY (`id`),
  UNIQUE KEY `personal_access_tokens_token_unique` (`token`),
  KEY `personal_access_tokens_tokenable_type_tokenable_id_index` (`tokenable_type`,`tokenable_id`)
) ENGINE=InnoDB DEFAULT CHARSET=utf8mb4 COLLATE=utf8mb4_unicode_ci;

-- Listage des données de la table bkb.personal_access_tokens : ~0 rows (environ)
DELETE FROM `personal_access_tokens`;

-- Listage de la structure de table bkb. services
CREATE TABLE IF NOT EXISTS `services` (
  `id` bigint unsigned NOT NULL AUTO_INCREMENT,
  `nom` varchar(255) COLLATE utf8mb4_unicode_ci NOT NULL,
  `created_at` timestamp NULL DEFAULT NULL,
  `updated_at` timestamp NULL DEFAULT NULL,
  PRIMARY KEY (`id`)
) ENGINE=InnoDB AUTO_INCREMENT=8 DEFAULT CHARSET=utf8mb4 COLLATE=utf8mb4_unicode_ci;

-- Listage des données de la table bkb.services : ~7 rows (environ)
DELETE FROM `services`;
INSERT INTO `services` (`id`, `nom`, `created_at`, `updated_at`) VALUES
	(1, 'Informatique', '2023-12-05 09:30:44', '2023-12-05 09:30:45'),
	(2, 'Mathématique', '2023-12-05 09:34:45', '2023-12-05 09:34:50'),
	(3, 'Physique', '2023-12-05 09:34:46', '2023-12-05 09:34:50'),
	(4, 'Chimie', '2023-12-05 09:34:46', '2023-12-05 09:34:51'),
	(5, 'Biologie', '2023-12-05 09:34:47', '2023-12-05 09:34:52'),
	(6, 'Géologie', '2023-12-05 09:34:49', '2023-12-05 09:34:52'),
	(7, 'Langue', '2023-12-05 09:34:48', '2023-12-05 09:34:53');

-- Listage de la structure de table bkb. surveillances
CREATE TABLE IF NOT EXISTS `surveillances` (
  `id` bigint unsigned NOT NULL AUTO_INCREMENT,
  `surveillant_id` bigint unsigned NOT NULL,
  `part_examen_id` bigint unsigned NOT NULL,
  `type` varchar(255) COLLATE utf8mb4_unicode_ci NOT NULL,
  `created_at` timestamp NULL DEFAULT NULL,
  `updated_at` timestamp NULL DEFAULT NULL,
  PRIMARY KEY (`id`),
  KEY `surveillances_surveillant_id_foreign` (`surveillant_id`),
  KEY `surveillances_part_examen_id_foreign` (`part_examen_id`),
  CONSTRAINT `surveillances_part_examen_id_foreign` FOREIGN KEY (`part_examen_id`) REFERENCES `part_examens` (`id`),
  CONSTRAINT `surveillances_surveillant_id_foreign` FOREIGN KEY (`surveillant_id`) REFERENCES `fonctionnaires` (`id`)
) ENGINE=InnoDB DEFAULT CHARSET=utf8mb4 COLLATE=utf8mb4_unicode_ci;

-- Listage des données de la table bkb.surveillances : ~0 rows (environ)
DELETE FROM `surveillances`;

-- Listage de la structure de table bkb. users
CREATE TABLE IF NOT EXISTS `users` (
  `id` bigint unsigned NOT NULL AUTO_INCREMENT,
  `name` varchar(255) COLLATE utf8mb4_unicode_ci NOT NULL,
  `email` varchar(255) COLLATE utf8mb4_unicode_ci NOT NULL,
  `email_verified_at` timestamp NULL DEFAULT NULL,
  `password` varchar(255) COLLATE utf8mb4_unicode_ci NOT NULL,
  `remember_token` varchar(100) COLLATE utf8mb4_unicode_ci DEFAULT NULL,
  `created_at` timestamp NULL DEFAULT NULL,
  `updated_at` timestamp NULL DEFAULT NULL,
  PRIMARY KEY (`id`),
  UNIQUE KEY `users_email_unique` (`email`)
) ENGINE=InnoDB DEFAULT CHARSET=utf8mb4 COLLATE=utf8mb4_unicode_ci;

-- Listage des données de la table bkb.users : ~0 rows (environ)
DELETE FROM `users`;

-- Listage de la structure de vue bkb. bkb_date
-- Suppression de la table temporaire et création finale de la structure d'une vue
DROP TABLE IF EXISTS `bkb_date`;
CREATE ALGORITHM=UNDEFINED SQL SECURITY DEFINER VIEW `bkb_date` AS select `p`.`date_debut` AS `date_debut`,`l`.`nom` AS `local_name`,`l`.`capacite_Ens` AS `capacite_Ens`,`b`.`nom` AS `bloc_name`,`p`.`jour` AS `jour` from ((((((`part_examens` `p` join `examens` `e` on((`e`.`id` = `p`.`examen_id`))) join `modules` `m` on((`m`.`id` = `p`.`module_id`))) join `filieres` `f` on((`f`.`id` = `m`.`filiere_id`))) join `filoc` `fl` on((`fl`.`filier_id` = `f`.`id`))) join `locals` `l` on((`l`.`id` = `fl`.`local_id`))) join `blocs` `b` on((`b`.`id` = `l`.`bloc_id`))) where (`e`.`id` = 1) group by `p`.`date_debut`,`local_name`,`l`.`capacite_Ens`,`bloc_name`,`b`.`nom`,`p`.`jour` order by `p`.`date_debut`;

-- Listage de la structure de vue bkb. exam_schedule_view
-- Suppression de la table temporaire et création finale de la structure d'une vue
DROP TABLE IF EXISTS `exam_schedule_view`;
CREATE ALGORITHM=UNDEFINED SQL SECURITY DEFINER VIEW `exam_schedule_view` AS select `p`.`date_debut` AS `date_debut`,`p`.`heure_debut` AS `heure_debut`,`p`.`heure_fin` AS `heure_fin`,`l`.`nom` AS `local_name`,`l`.`capacite_Ens` AS `capacite_Ens`,`b`.`nom` AS `bloc_name` from ((((((`part_examens` `p` join `examens` `e` on((`e`.`id` = `p`.`examen_id`))) join `modules` `m` on((`m`.`id` = `p`.`module_id`))) join `filieres` `f` on((`f`.`id` = `m`.`filiere_id`))) join `filoc` `fl` on((`fl`.`filier_id` = `f`.`id`))) join `locals` `l` on((`l`.`id` = `fl`.`local_id`))) join `blocs` `b` on((`b`.`id` = `l`.`bloc_id`))) where ((`e`.`id` = 1) and ((`p`.`heure_debut` between '08:30:00' and '13:00:00') or (`p`.`heure_debut` between '14:00:00' and '20:00:00'))) group by `p`.`date_debut`,`p`.`heure_debut`,`p`.`heure_fin`,`l`.`nom`,`l`.`capacite_Ens`,`b`.`nom` order by `p`.`date_debut`;

/*!40103 SET TIME_ZONE=IFNULL(@OLD_TIME_ZONE, 'system') */;
/*!40101 SET SQL_MODE=IFNULL(@OLD_SQL_MODE, '') */;
/*!40014 SET FOREIGN_KEY_CHECKS=IFNULL(@OLD_FOREIGN_KEY_CHECKS, 1) */;
/*!40101 SET CHARACTER_SET_CLIENT=@OLD_CHARACTER_SET_CLIENT */;
/*!40111 SET SQL_NOTES=IFNULL(@OLD_SQL_NOTES, 1) */;
